timestamp,ethereum_price_usd_num
2015-08-08T00:00:00Z,0.769980745
2015-08-09T00:00:00Z,0.719830109
2015-08-10T00:00:00Z,0.700705182
2015-08-11T00:00:00Z,1.088360957
2015-08-12T00:00:00Z,1.214071115
2015-08-13T00:00:00Z,1.843285683
2015-08-14T00:00:00Z,1.833361902
2015-08-15T00:00:00Z,1.674456098
2015-08-16T00:00:00Z,1.569923105
2015-08-17T00:00:00Z,1.207885092
2015-08-18T00:00:00Z,1.14259638
2015-08-19T00:00:00Z,1.254278417
2015-08-20T00:00:00Z,1.461255445
2015-08-21T00:00:00Z,1.388548837
2015-08-22T00:00:00Z,1.383223679
2015-08-23T00:00:00Z,1.349272488
2015-08-24T00:00:00Z,1.232190437
2015-08-25T00:00:00Z,1.146003195
2015-08-26T00:00:00Z,1.171942375
2015-08-27T00:00:00Z,1.154176305
2015-08-28T00:00:00Z,1.175966908
2015-08-29T00:00:00Z,1.180846954
2015-08-30T00:00:00Z,1.320643116
2015-08-31T00:00:00Z,1.362756315
2015-09-01T00:00:00Z,1.350806745
2015-09-02T00:00:00Z,1.298347885
2015-09-03T00:00:00Z,1.255389442
2015-09-04T00:00:00Z,1.273993833
2015-09-05T00:00:00Z,1.333873706
2015-09-06T00:00:00Z,1.296629478
2015-09-07T00:00:00Z,1.246097814
2015-09-08T00:00:00Z,1.254769708
2015-09-09T00:00:00Z,1.213285929
2015-09-10T00:00:00Z,1.162838569
2015-09-11T00:00:00Z,0.979524782
2015-09-12T00:00:00Z,1.036705264
2015-09-13T00:00:00Z,0.926244234
2015-09-14T00:00:00Z,0.871265485
2015-09-15T00:00:00Z,0.942597571
2015-09-16T00:00:00Z,0.901588075
2015-09-17T00:00:00Z,0.881648097
2015-09-18T00:00:00Z,0.855154004
2015-09-19T00:00:00Z,0.878273476
2015-09-20T00:00:00Z,0.931514393
2015-09-21T00:00:00Z,0.937244599
2015-09-22T00:00:00Z,0.898426951
2015-09-23T00:00:00Z,0.889489533
2015-09-24T00:00:00Z,0.810705691
2015-09-25T00:00:00Z,0.740036797
2015-09-26T00:00:00Z,0.796200657
2015-09-27T00:00:00Z,0.728904569
2015-09-28T00:00:00Z,0.576504657
2015-09-29T00:00:00Z,0.660230046
2015-09-30T00:00:00Z,0.741245459
2015-10-01T00:00:00Z,0.678909291
2015-10-02T00:00:00Z,0.681038455
2015-10-03T00:00:00Z,0.686042759
2015-10-04T00:00:00Z,0.675017509
2015-10-05T00:00:00Z,0.629569695
2015-10-06T00:00:00Z,0.652687308
2015-10-07T00:00:00Z,0.611480672
2015-10-08T00:00:00Z,0.65290787
2015-10-09T00:00:00Z,0.650027656
2015-10-10T00:00:00Z,0.631383266
2015-10-11T00:00:00Z,0.638232151
2015-10-12T00:00:00Z,0.62777896
2015-10-13T00:00:00Z,0.612685947
2015-10-14T00:00:00Z,0.526463449
2015-10-15T00:00:00Z,0.560765924
2015-10-16T00:00:00Z,0.533481511
2015-10-17T00:00:00Z,0.549402562
2015-10-18T00:00:00Z,0.52208269
2015-10-19T00:00:00Z,0.491074554
2015-10-20T00:00:00Z,0.435683366
2015-10-21T00:00:00Z,0.45332639
2015-10-22T00:00:00Z,0.568434299
2015-10-23T00:00:00Z,0.544645666
2015-10-24T00:00:00Z,0.564492839
2015-10-25T00:00:00Z,0.619314477
2015-10-26T00:00:00Z,0.734326848
2015-10-27T00:00:00Z,0.883660377
2015-10-28T00:00:00Z,1.020403902
2015-10-29T00:00:00Z,1.220915743
2015-10-30T00:00:00Z,1.042456729
2015-10-31T00:00:00Z,0.905187862
2015-11-01T00:00:00Z,1.065070276
2015-11-02T00:00:00Z,1.002164018
2015-11-03T00:00:00Z,1.013402179
2015-11-04T00:00:00Z,0.886647351
2015-11-05T00:00:00Z,0.891235362
2015-11-06T00:00:00Z,0.935231033
2015-11-07T00:00:00Z,0.929919463
2015-11-08T00:00:00Z,1.029734612
2015-11-09T00:00:00Z,0.994984052
2015-11-10T00:00:00Z,0.93023317
2015-11-11T00:00:00Z,0.780292892
2015-11-12T00:00:00Z,0.899090737
2015-11-13T00:00:00Z,0.906731771
2015-11-14T00:00:00Z,0.892509831
2015-11-15T00:00:00Z,0.910329097
2015-11-16T00:00:00Z,0.930007995
2015-11-17T00:00:00Z,1.009847649
2015-11-18T00:00:00Z,0.985536646
2015-11-19T00:00:00Z,0.956245021
2015-11-20T00:00:00Z,0.929061327
2015-11-21T00:00:00Z,0.976372929
2015-11-22T00:00:00Z,0.965915346
2015-11-23T00:00:00Z,0.947387342
2015-11-24T00:00:00Z,0.899121469
2015-11-25T00:00:00Z,0.863500975
2015-11-26T00:00:00Z,0.883061087
2015-11-27T00:00:00Z,0.87294662
2015-11-28T00:00:00Z,0.906955853
2015-11-29T00:00:00Z,0.871458286
2015-11-30T00:00:00Z,0.871784397
2015-12-01T00:00:00Z,0.871765443
2015-12-02T00:00:00Z,0.82043538
2015-12-03T00:00:00Z,0.809285078
2015-12-04T00:00:00Z,0.837617978
2015-12-05T00:00:00Z,0.852947871
2015-12-06T00:00:00Z,0.829276854
2015-12-07T00:00:00Z,0.800583827
2015-12-08T00:00:00Z,0.823196939
2015-12-09T00:00:00Z,0.78982878
2015-12-10T00:00:00Z,0.842172428
2015-12-11T00:00:00Z,0.940812378
2015-12-12T00:00:00Z,0.976217173
2015-12-13T00:00:00Z,0.956417891
2015-12-14T00:00:00Z,0.989325968
2015-12-15T00:00:00Z,1.008233449
2015-12-16T00:00:00Z,0.992100872
2015-12-17T00:00:00Z,0.945640928
2015-12-18T00:00:00Z,0.918514697
2015-12-19T00:00:00Z,0.900254099
2015-12-20T00:00:00Z,0.896121111
2015-12-21T00:00:00Z,0.894153631
2015-12-22T00:00:00Z,0.86569479
2015-12-23T00:00:00Z,0.84759601
2015-12-24T00:00:00Z,0.861216681
2015-12-25T00:00:00Z,0.87166033
2015-12-26T00:00:00Z,0.859589087
2015-12-27T00:00:00Z,0.851227802
2015-12-28T00:00:00Z,0.843502817
2015-12-29T00:00:00Z,0.874630295
2015-12-30T00:00:00Z,0.914376038
2015-12-31T00:00:00Z,0.932108996
2016-01-01T00:00:00Z,0.942284869
2016-01-02T00:00:00Z,0.935231077
2016-01-03T00:00:00Z,0.973900073
2016-01-04T00:00:00Z,0.946148092
2016-01-05T00:00:00Z,0.953069585
2016-01-06T00:00:00Z,0.953449068
2016-01-07T00:00:00Z,0.94360301
2016-01-08T00:00:00Z,0.989209564
2016-01-09T00:00:00Z,0.986923425
2016-01-10T00:00:00Z,1.002572874
2016-01-11T00:00:00Z,1.063551324
2016-01-12T00:00:00Z,1.167405297
2016-01-13T00:00:00Z,1.123329404
2016-01-14T00:00:00Z,1.192188481
2016-01-15T00:00:00Z,1.196404993
2016-01-16T00:00:00Z,1.206682936
2016-01-17T00:00:00Z,1.320453764
2016-01-18T00:00:00Z,1.418871088
2016-01-19T00:00:00Z,1.357560604
2016-01-20T00:00:00Z,1.531316648
2016-01-21T00:00:00Z,1.548060677
2016-01-22T00:00:00Z,1.508142891
2016-01-23T00:00:00Z,1.964979277
2016-01-24T00:00:00Z,2.155134788
2016-01-25T00:00:00Z,2.492803543
2016-01-26T00:00:00Z,2.261930685
2016-01-27T00:00:00Z,2.403197956
2016-01-28T00:00:00Z,2.529142645
2016-01-29T00:00:00Z,2.515380913
2016-01-30T00:00:00Z,2.435990838
2016-01-31T00:00:00Z,2.295792593
2016-02-01T00:00:00Z,2.205558396
2016-02-02T00:00:00Z,2.436596072
2016-02-03T00:00:00Z,2.520148543
2016-02-04T00:00:00Z,2.566421972
2016-02-05T00:00:00Z,2.523322577
2016-02-06T00:00:00Z,2.523505489
2016-02-07T00:00:00Z,2.974746064
2016-02-08T00:00:00Z,3.155982504
2016-02-09T00:00:00Z,4.024197178
2016-02-10T00:00:00Z,4.435410257
2016-02-11T00:00:00Z,6.061098394
2016-02-12T00:00:00Z,5.58923791
2016-02-13T00:00:00Z,5.395889441
2016-02-14T00:00:00Z,5.269033115
2016-02-15T00:00:00Z,5.287231068
2016-02-16T00:00:00Z,4.320471953
2016-02-17T00:00:00Z,3.757025177
2016-02-18T00:00:00Z,4.39386166
2016-02-19T00:00:00Z,4.71453007
2016-02-20T00:00:00Z,4.336591603
2016-02-21T00:00:00Z,4.644085135
2016-02-22T00:00:00Z,5.662682089
2016-02-23T00:00:00Z,5.592879762
2016-02-24T00:00:00Z,6.233300787
2016-02-25T00:00:00Z,6.072273527
2016-02-26T00:00:00Z,5.899538361
2016-02-27T00:00:00Z,6.425304391
2016-02-28T00:00:00Z,6.430797894
2016-02-29T00:00:00Z,6.312315401
2016-03-01T00:00:00Z,7.626141924
2016-03-02T00:00:00Z,8.389200852
2016-03-03T00:00:00Z,9.26907121
2016-03-04T00:00:00Z,10.33583609
2016-03-05T00:00:00Z,10.88170269
2016-03-06T00:00:00Z,11.28411817
2016-03-07T00:00:00Z,9.564482173
2016-03-08T00:00:00Z,9.744074056
2016-03-09T00:00:00Z,11.197
2016-03-10T00:00:00Z,11.75
2016-03-11T00:00:00Z,11.95
2016-03-12T00:00:00Z,12.918
2016-03-13T00:00:00Z,14.46933333
2016-03-14T00:00:00Z,12.31675
2016-03-15T00:00:00Z,13.1
2016-03-16T00:00:00Z,12.54533333
2016-03-17T00:00:00Z,11.02888889
2016-03-18T00:00:00Z,10.92138462
2016-03-19T00:00:00Z,10.524
2016-03-20T00:00:00Z,10.268
2016-03-21T00:00:00Z,11.909
2016-03-22T00:00:00Z,11.201
2016-03-23T00:00:00Z,12.42
2016-03-24T00:00:00Z,11.18
2016-03-25T00:00:00Z,10.6698
2016-03-26T00:00:00Z,11.012
2016-03-27T00:00:00Z,10.407
2016-03-28T00:00:00Z,11.65616667
2016-03-29T00:00:00Z,11.658
2016-03-30T00:00:00Z,11.848
2016-03-31T00:00:00Z,11.386
2016-04-01T00:00:00Z,11.624
2016-04-02T00:00:00Z,11.658
2016-04-03T00:00:00Z,11.61
2016-04-04T00:00:00Z,11.15
2016-04-05T00:00:00Z,10.858
2016-04-06T00:00:00Z,10.66
2016-04-07T00:00:00Z,10.137
2016-04-08T00:00:00Z,9.71
2016-04-09T00:00:00Z,9.137
2016-04-10T00:00:00Z,8.8955
2016-04-11T00:00:00Z,8.699
2016-04-12T00:00:00Z,7.52
2016-04-13T00:00:00Z,8.05
2016-04-14T00:00:00Z,8.47
2016-04-15T00:00:00Z,8.3199
2016-04-16T00:00:00Z,8.67
2016-04-17T00:00:00Z,9.29
2016-04-18T00:00:00Z,9.027628571
2016-04-19T00:00:00Z,8.77
2016-04-20T00:00:00Z,8.595333333
2016-04-21T00:00:00Z,8.1845
2016-04-22T00:00:00Z,7.904285714
2016-04-23T00:00:00Z,8.3934
2016-04-24T00:00:00Z,8.105033333
2016-04-25T00:00:00Z,7.56
2016-04-26T00:00:00Z,7.415
2016-04-27T00:00:00Z,7.837
2016-04-28T00:00:00Z,7.164
2016-04-29T00:00:00Z,7.402
2016-04-30T00:00:00Z,8.79216
2016-05-01T00:00:00Z,8.784042857
2016-05-02T00:00:00Z,10.079
2016-05-03T00:00:00Z,9.371
2016-05-04T00:00:00Z,9.3614
2016-05-05T00:00:00Z,9.75
2016-05-06T00:00:00Z,9.4325
2016-05-07T00:00:00Z,9.408
2016-05-08T00:00:00Z,9.51
2016-05-09T00:00:00Z,9.36
2016-05-10T00:00:00Z,9.68
2016-05-11T00:00:00Z,10.43
2016-05-12T00:00:00Z,10.2
2016-05-13T00:00:00Z,10.98
2016-05-14T00:00:00Z,10.25
2016-05-15T00:00:00Z,10.06
2016-05-16T00:00:00Z,11.37
2016-05-17T00:00:00Z,12.28
2016-05-18T00:00:00Z,13.708
2016-05-19T00:00:00Z,14.5
2016-05-20T00:00:00Z,13.74
2016-05-21T00:00:00Z,13.98
2016-05-22T00:00:00Z,14.21
2016-05-23T00:00:00Z,13.448
2016-05-24T00:00:00Z,12.82
2016-05-25T00:00:00Z,12.65
2016-05-26T00:00:00Z,12.6
2016-05-27T00:00:00Z,11.39
2016-05-28T00:00:00Z,11.84
2016-05-29T00:00:00Z,12.53
2016-05-30T00:00:00Z,12.52
2016-05-31T00:00:00Z,14.21
2016-06-01T00:00:00Z,13.92
2016-06-02T00:00:00Z,13.9
2016-06-03T00:00:00Z,14.15
2016-06-04T00:00:00Z,13.86
2016-06-05T00:00:00Z,13.91
2016-06-06T00:00:00Z,14
2016-06-07T00:00:00Z,14.64
2016-06-08T00:00:00Z,14.51
2016-06-09T00:00:00Z,14.47
2016-06-10T00:00:00Z,13.97
2016-06-11T00:00:00Z,14.11
2016-06-12T00:00:00Z,15.638
2016-06-13T00:00:00Z,17.63
2016-06-14T00:00:00Z,18.9
2016-06-15T00:00:00Z,18.45
2016-06-16T00:00:00Z,20.93
2016-06-17T00:00:00Z,15.66
2016-06-18T00:00:00Z,11.03
2016-06-19T00:00:00Z,12.59
2016-06-20T00:00:00Z,11.51
2016-06-21T00:00:00Z,13.73
2016-06-22T00:00:00Z,13.43
2016-06-23T00:00:00Z,13.93
2016-06-24T00:00:00Z,14.2
2016-06-25T00:00:00Z,14.49
2016-06-26T00:00:00Z,13.88
2016-06-27T00:00:00Z,15.29
2016-06-28T00:00:00Z,12.33
2016-06-29T00:00:00Z,12.95
2016-06-30T00:00:00Z,12.5
2016-07-01T00:00:00Z,12.25
2016-07-02T00:00:00Z,12.09
2016-07-03T00:00:00Z,11.8
2016-07-04T00:00:00Z,11.47
2016-07-05T00:00:00Z,11.49
2016-07-06T00:00:00Z,11
2016-07-07T00:00:00Z,10.11
2016-07-08T00:00:00Z,11.57
2016-07-09T00:00:00Z,11.028
2016-07-10T00:00:00Z,11.13
2016-07-11T00:00:00Z,10.83
2016-07-12T00:00:00Z,10.87
2016-07-13T00:00:00Z,10.76
2016-07-14T00:00:00Z,11.51
2016-07-15T00:00:00Z,12.2
2016-07-16T00:00:00Z,11.78
2016-07-17T00:00:00Z,11.32
2016-07-18T00:00:00Z,11.13
2016-07-19T00:00:00Z,11.94
2016-07-20T00:00:00Z,12.678
2016-07-21T00:00:00Z,13.04
2016-07-22T00:00:00Z,14.89
2016-07-23T00:00:00Z,14.45
2016-07-24T00:00:00Z,12.34
2016-07-25T00:00:00Z,13.8
2016-07-26T00:00:00Z,12.04
2016-07-27T00:00:00Z,13.3
2016-07-28T00:00:00Z,13.216
2016-07-29T00:00:00Z,13.1
2016-07-30T00:00:00Z,12.696
2016-07-31T00:00:00Z,11.88
2016-08-01T00:00:00Z,11.2
2016-08-02T00:00:00Z,8.988
2016-08-03T00:00:00Z,10.44
2016-08-04T00:00:00Z,11.58
2016-08-05T00:00:00Z,11.03
2016-08-06T00:00:00Z,11.03
2016-08-07T00:00:00Z,11.01
2016-08-08T00:00:00Z,11.4
2016-08-09T00:00:00Z,12.35
2016-08-10T00:00:00Z,12.31
2016-08-11T00:00:00Z,11.75
2016-08-12T00:00:00Z,11.89
2016-08-13T00:00:00Z,11.73
2016-08-14T00:00:00Z,11.21
2016-08-15T00:00:00Z,11.38
2016-08-16T00:00:00Z,11.23
2016-08-17T00:00:00Z,11
2016-08-18T00:00:00Z,10.84
2016-08-19T00:00:00Z,10.85
2016-08-20T00:00:00Z,11.05
2016-08-21T00:00:00Z,11.3
2016-08-22T00:00:00Z,11.41
2016-08-23T00:00:00Z,11.07
2016-08-24T00:00:00Z,11.02
2016-08-25T00:00:00Z,11.26
2016-08-26T00:00:00Z,11.32
2016-08-27T00:00:00Z,11.3
2016-08-28T00:00:00Z,11.09
2016-08-29T00:00:00Z,11.08
2016-08-30T00:00:00Z,11.3
2016-08-31T00:00:00Z,11.744
2016-09-01T00:00:00Z,12.24
2016-09-02T00:00:00Z,12.51
2016-09-03T00:00:00Z,12
2016-09-04T00:00:00Z,11.8
2016-09-05T00:00:00Z,11.98
2016-09-06T00:00:00Z,11.99
2016-09-07T00:00:00Z,11.69
2016-09-08T00:00:00Z,11.48
2016-09-09T00:00:00Z,11.76
2016-09-10T00:00:00Z,12
2016-09-11T00:00:00Z,11.73
2016-09-12T00:00:00Z,11.88
2016-09-13T00:00:00Z,12.02
2016-09-14T00:00:00Z,12
2016-09-15T00:00:00Z,12
2016-09-16T00:00:00Z,12.5
2016-09-17T00:00:00Z,12.7
2016-09-18T00:00:00Z,12.4
2016-09-19T00:00:00Z,13.186
2016-09-20T00:00:00Z,14.18
2016-09-21T00:00:00Z,13.91
2016-09-22T00:00:00Z,13.2
2016-09-23T00:00:00Z,13.49
2016-09-24T00:00:00Z,12.97
2016-09-25T00:00:00Z,13.03
2016-09-26T00:00:00Z,13.01
2016-09-27T00:00:00Z,13.03
2016-09-28T00:00:00Z,13.38
2016-09-29T00:00:00Z,13.244
2016-09-30T00:00:00Z,13.21
2016-10-01T00:00:00Z,13.28
2016-10-02T00:00:00Z,13.3
2016-10-03T00:00:00Z,13.528
2016-10-04T00:00:00Z,13.4
2016-10-05T00:00:00Z,13.1
2016-10-06T00:00:00Z,12.99
2016-10-07T00:00:00Z,12.82
2016-10-08T00:00:00Z,12.23
2016-10-09T00:00:00Z,12.33
2016-10-10T00:00:00Z,11.75
2016-10-11T00:00:00Z,11.71
2016-10-12T00:00:00Z,11.78
2016-10-13T00:00:00Z,12.13
2016-10-14T00:00:00Z,11.93
2016-10-15T00:00:00Z,12
2016-10-16T00:00:00Z,11.98
2016-10-17T00:00:00Z,12.12
2016-10-18T00:00:00Z,12.51
2016-10-19T00:00:00Z,11.93
2016-10-20T00:00:00Z,12.08
2016-10-21T00:00:00Z,12
2016-10-22T00:00:00Z,12.04
2016-10-23T00:00:00Z,12.05
2016-10-24T00:00:00Z,11.97
2016-10-25T00:00:00Z,11.35
2016-10-26T00:00:00Z,11.57
2016-10-27T00:00:00Z,11.43
2016-10-28T00:00:00Z,11.07
2016-10-29T00:00:00Z,10.36
2016-10-30T00:00:00Z,11.31
2016-10-31T00:00:00Z,11.01
2016-11-01T00:00:00Z,10.7
2016-11-02T00:00:00Z,10.77
2016-11-03T00:00:00Z,10.82
2016-11-04T00:00:00Z,11.2
2016-11-05T00:00:00Z,11.07
2016-11-06T00:00:00Z,10.89
2016-11-07T00:00:00Z,11
2016-11-08T00:00:00Z,10.91
2016-11-09T00:00:00Z,10.79
2016-11-10T00:00:00Z,10.6
2016-11-11T00:00:00Z,10.26
2016-11-12T00:00:00Z,9.68
2016-11-13T00:00:00Z,10.21
2016-11-14T00:00:00Z,10.04
2016-11-15T00:00:00Z,10.4
2016-11-16T00:00:00Z,9.96
2016-11-17T00:00:00Z,9.96
2016-11-18T00:00:00Z,9.52
2016-11-19T00:00:00Z,9.85
2016-11-20T00:00:00Z,9.5
2016-11-21T00:00:00Z,9.61
2016-11-22T00:00:00Z,9.87
2016-11-23T00:00:00Z,9.79
2016-11-24T00:00:00Z,9.25
2016-11-25T00:00:00Z,9.51
2016-11-26T00:00:00Z,9.5
2016-11-27T00:00:00Z,9.41
2016-11-28T00:00:00Z,8.77
2016-11-29T00:00:00Z,8.37
2016-11-30T00:00:00Z,8.64
2016-12-01T00:00:00Z,8.4
2016-12-02T00:00:00Z,7.64
2016-12-03T00:00:00Z,8.14
2016-12-04T00:00:00Z,7.5
2016-12-05T00:00:00Z,6.77
2016-12-06T00:00:00Z,7.8
2016-12-07T00:00:00Z,8.45
2016-12-08T00:00:00Z,8.23
2016-12-09T00:00:00Z,8.62
2016-12-10T00:00:00Z,8.31
2016-12-11T00:00:00Z,8.46
2016-12-12T00:00:00Z,8.67
2016-12-13T00:00:00Z,8.47
2016-12-14T00:00:00Z,8.46
2016-12-15T00:00:00Z,7.75
2016-12-16T00:00:00Z,7.89
2016-12-17T00:00:00Z,7.65
2016-12-18T00:00:00Z,7.94
2016-12-19T00:00:00Z,7.69
2016-12-20T00:00:00Z,7.58
2016-12-21T00:00:00Z,7.95
2016-12-22T00:00:00Z,7.768
2016-12-23T00:00:00Z,7.25
2016-12-24T00:00:00Z,7.29
2016-12-25T00:00:00Z,7.25
2016-12-26T00:00:00Z,7.29
2016-12-27T00:00:00Z,7.23
2016-12-28T00:00:00Z,8.54
2016-12-29T00:00:00Z,8.38
2016-12-30T00:00:00Z,8.498
2016-12-31T00:00:00Z,8.28
2017-01-01T00:00:00Z,8.24
2017-01-02T00:00:00Z,8.55
2017-01-03T00:00:00Z,9.786
2017-01-04T00:00:00Z,11.21
2017-01-05T00:00:00Z,10.34
2017-01-06T00:00:00Z,10.2
2017-01-07T00:00:00Z,10.05
2017-01-08T00:00:00Z,10.42
2017-01-09T00:00:00Z,10.38
2017-01-10T00:00:00Z,10.67
2017-01-11T00:00:00Z,9.97
2017-01-12T00:00:00Z,9.74
2017-01-13T00:00:00Z,10.23
2017-01-14T00:00:00Z,9.85
2017-01-15T00:00:00Z,9.81
2017-01-16T00:00:00Z,9.6
2017-01-17T00:00:00Z,10.18
2017-01-18T00:00:00Z,10.36
2017-01-19T00:00:00Z,10.45
2017-01-20T00:00:00Z,10.72
2017-01-21T00:00:00Z,10.86
2017-01-22T00:00:00Z,10.76
2017-01-23T00:00:00Z,10.77
2017-01-24T00:00:00Z,10.582
2017-01-25T00:00:00Z,10.64
2017-01-26T00:00:00Z,10.71
2017-01-27T00:00:00Z,10.68
2017-01-28T00:00:00Z,10.58
2017-01-29T00:00:00Z,10.544
2017-01-30T00:00:00Z,10.73
2017-01-31T00:00:00Z,10.76
2017-02-01T00:00:00Z,10.73
2017-02-02T00:00:00Z,10.8
2017-02-03T00:00:00Z,10.98
2017-02-04T00:00:00Z,11.38
2017-02-05T00:00:00Z,11.23
2017-02-06T00:00:00Z,11.32
2017-02-07T00:00:00Z,11.51
2017-02-08T00:00:00Z,11.47
2017-02-09T00:00:00Z,11.02
2017-02-10T00:00:00Z,11.31
2017-02-11T00:00:00Z,11.39
2017-02-12T00:00:00Z,11.41
2017-02-13T00:00:00Z,11.3
2017-02-14T00:00:00Z,13.18
2017-02-15T00:00:00Z,13.06
2017-02-16T00:00:00Z,12.96
2017-02-17T00:00:00Z,12.74
2017-02-18T00:00:00Z,12.8
2017-02-19T00:00:00Z,12.78
2017-02-20T00:00:00Z,12.64
2017-02-21T00:00:00Z,12.84
2017-02-22T00:00:00Z,12.69
2017-02-23T00:00:00Z,13.23
2017-02-24T00:00:00Z,13.222
2017-02-25T00:00:00Z,13.72
2017-02-26T00:00:00Z,14.95
2017-02-27T00:00:00Z,15.5
2017-02-28T00:00:00Z,16.05
2017-03-01T00:00:00Z,17.758
2017-03-02T00:00:00Z,19.208
2017-03-03T00:00:00Z,19.61
2017-03-04T00:00:00Z,18.702
2017-03-05T00:00:00Z,19.2
2017-03-06T00:00:00Z,19.97
2017-03-07T00:00:00Z,18.95
2017-03-08T00:00:00Z,16.58
2017-03-09T00:00:00Z,18
2017-03-10T00:00:00Z,19.1
2017-03-11T00:00:00Z,21.512
2017-03-12T00:00:00Z,23.6
2017-03-13T00:00:00Z,28.846
2017-03-14T00:00:00Z,28.99
2017-03-15T00:00:00Z,34.996
2017-03-16T00:00:00Z,45.488
2017-03-17T00:00:00Z,44.468
2017-03-18T00:00:00Z,33.326
2017-03-19T00:00:00Z,42.31
2017-03-20T00:00:00Z,41.91
2017-03-21T00:00:00Z,42.5
2017-03-22T00:00:00Z,41.424
2017-03-23T00:00:00Z,43.14
2017-03-24T00:00:00Z,52.83
2017-03-25T00:00:00Z,50.32
2017-03-26T00:00:00Z,50.39
2017-03-27T00:00:00Z,48.794
2017-03-28T00:00:00Z,50.268
2017-03-29T00:00:00Z,53.252
2017-03-30T00:00:00Z,51.93
2017-03-31T00:00:00Z,49.07
2017-04-01T00:00:00Z,50.92
2017-04-02T00:00:00Z,48.598
2017-04-03T00:00:00Z,43.994
2017-04-04T00:00:00Z,44.726
2017-04-05T00:00:00Z,45.478
2017-04-06T00:00:00Z,43.512
2017-04-07T00:00:00Z,42.42
2017-04-08T00:00:00Z,44.85
2017-04-09T00:00:00Z,43.87
2017-04-10T00:00:00Z,43.92
2017-04-11T00:00:00Z,43.876
2017-04-12T00:00:00Z,46.54
2017-04-13T00:00:00Z,50.242
2017-04-14T00:00:00Z,47.5
2017-04-15T00:00:00Z,48.602
2017-04-16T00:00:00Z,48.29
2017-04-17T00:00:00Z,48.224
2017-04-18T00:00:00Z,49.98
2017-04-19T00:00:00Z,47.956
2017-04-20T00:00:00Z,49.61
2017-04-21T00:00:00Z,48.47
2017-04-22T00:00:00Z,48.654
2017-04-23T00:00:00Z,48.79
2017-04-24T00:00:00Z,50.502
2017-04-25T00:00:00Z,50.414
2017-04-26T00:00:00Z,53.55
2017-04-27T00:00:00Z,63.386
2017-04-28T00:00:00Z,72.772
2017-04-29T00:00:00Z,70.288
2017-04-30T00:00:00Z,79.694
2017-05-01T00:00:00Z,77.33
2017-05-02T00:00:00Z,77.7
2017-05-03T00:00:00Z,80
2017-05-04T00:00:00Z,94.752
2017-05-05T00:00:00Z,91.552
2017-05-06T00:00:00Z,95.916
2017-05-07T00:00:00Z,92.532
2017-05-08T00:00:00Z,89.468
2017-05-09T00:00:00Z,87.436
2017-05-10T00:00:00Z,89.134
2017-05-11T00:00:00Z,88.204
2017-05-12T00:00:00Z,85.336
2017-05-13T00:00:00Z,87.816
2017-05-14T00:00:00Z,88.874
2017-05-15T00:00:00Z,90.232
2017-05-16T00:00:00Z,87.904
2017-05-17T00:00:00Z,86.91
2017-05-18T00:00:00Z,96.466
2017-05-19T00:00:00Z,124.818
2017-05-20T00:00:00Z,123.234
2017-05-21T00:00:00Z,146.882
2017-05-22T00:00:00Z,166.682
2017-05-23T00:00:00Z,170.06
2017-05-24T00:00:00Z,192.744
2017-05-25T00:00:00Z,180.374
2017-05-26T00:00:00Z,165.494
2017-05-27T00:00:00Z,158.604
2017-05-28T00:00:00Z,174
2017-05-29T00:00:00Z,194.696
2017-05-30T00:00:00Z,229.412
2017-05-31T00:00:00Z,228.902
2017-06-01T00:00:00Z,220.01
2017-06-02T00:00:00Z,222.684
2017-06-03T00:00:00Z,224.498
2017-06-04T00:00:00Z,245.562
2017-06-05T00:00:00Z,248.398
2017-06-06T00:00:00Z,266.94
2017-06-07T00:00:00Z,255.954
2017-06-08T00:00:00Z,260.806
2017-06-09T00:00:00Z,280.234
2017-06-10T00:00:00Z,331.382
2017-06-11T00:00:00Z,338.428
2017-06-12T00:00:00Z,393.432
2017-06-13T00:00:00Z,388.594
2017-06-14T00:00:00Z,341.626
2017-06-15T00:00:00Z,341.782
2017-06-16T00:00:00Z,349.6
2017-06-17T00:00:00Z,368.592
2017-06-18T00:00:00Z,351.698
2017-06-19T00:00:00Z,358.78
2017-06-20T00:00:00Z,349.77
2017-06-21T00:00:00Z,323.12
2017-06-22T00:00:00Z,319.686
2017-06-23T00:00:00Z,326.728
2017-06-24T00:00:00Z,304.624
2017-06-25T00:00:00Z,278.184
2017-06-26T00:00:00Z,255.046
2017-06-27T00:00:00Z,286.57
2017-06-28T00:00:00Z,315.696
2017-06-29T00:00:00Z,293.8
2017-06-30T00:00:00Z,282.126
2017-07-01T00:00:00Z,261.862
2017-07-02T00:00:00Z,284.2
2017-07-03T00:00:00Z,277.018
2017-07-04T00:00:00Z,270.01
2017-07-05T00:00:00Z,266.776
2017-07-06T00:00:00Z,266.17
2017-07-07T00:00:00Z,240.37
2017-07-08T00:00:00Z,245.144
2017-07-09T00:00:00Z,237.334
2017-07-10T00:00:00Z,207.002
2017-07-11T00:00:00Z,191.306
2017-07-12T00:00:00Z,224.324
2017-07-13T00:00:00Z,205.724
2017-07-14T00:00:00Z,197.876
2017-07-15T00:00:00Z,168.788
2017-07-16T00:00:00Z,154.246
2017-07-17T00:00:00Z,190.574
2017-07-18T00:00:00Z,226.992
2017-07-19T00:00:00Z,193.944
2017-07-20T00:00:00Z,229.086
2017-07-21T00:00:00Z,217.348
2017-07-22T00:00:00Z,232.022
2017-07-23T00:00:00Z,229.436
2017-07-24T00:00:00Z,225.91
2017-07-25T00:00:00Z,203.678
2017-07-26T00:00:00Z,202.526
2017-07-27T00:00:00Z,202.856
2017-07-28T00:00:00Z,191.278
2017-07-29T00:00:00Z,205.582
2017-07-30T00:00:00Z,195.656
2017-07-31T00:00:00Z,201.33
2017-08-01T00:00:00Z,225.752
2017-08-02T00:00:00Z,217.696
2017-08-03T00:00:00Z,224.038
2017-08-04T00:00:00Z,219.094
2017-08-05T00:00:00Z,253.46
2017-08-06T00:00:00Z,264.314
2017-08-07T00:00:00Z,269.48
2017-08-08T00:00:00Z,296.174
2017-08-09T00:00:00Z,295.238
2017-08-10T00:00:00Z,298.734
2017-08-11T00:00:00Z,308.838
2017-08-12T00:00:00Z,307.754
2017-08-13T00:00:00Z,295.446
2017-08-14T00:00:00Z,298.474
2017-08-15T00:00:00Z,286.272
2017-08-16T00:00:00Z,300.91
2017-08-17T00:00:00Z,300.958
2017-08-18T00:00:00Z,292.32
2017-08-19T00:00:00Z,293.09
2017-08-20T00:00:00Z,297.186
2017-08-21T00:00:00Z,320.056
2017-08-22T00:00:00Z,314.272
2017-08-23T00:00:00Z,317.738
2017-08-24T00:00:00Z,324.65
2017-08-25T00:00:00Z,331.33
2017-08-26T00:00:00Z,331.33
2017-08-27T00:00:00Z,347.066
2017-08-28T00:00:00Z,348.026
2017-08-29T00:00:00Z,372.562
2017-08-30T00:00:00Z,384.012
2017-08-31T00:00:00Z,388.35
2017-09-01T00:00:00Z,392.138
2017-09-02T00:00:00Z,353.488
2017-09-03T00:00:00Z,352.094
2017-09-04T00:00:00Z,300.408
2017-09-05T00:00:00Z,317.3
2017-09-06T00:00:00Z,339.124
2017-09-07T00:00:00Z,335.03
2017-09-08T00:00:00Z,307.548
2017-09-09T00:00:00Z,303.008
2017-09-10T00:00:00Z,299.87
2017-09-11T00:00:00Z,298.294
2017-09-12T00:00:00Z,294.332
2017-09-13T00:00:00Z,275.996
2017-09-14T00:00:00Z,223.224
2017-09-15T00:00:00Z,258.48
2017-09-16T00:00:00Z,255.206
2017-09-17T00:00:00Z,260.016
2017-09-18T00:00:00Z,297.574
2017-09-19T00:00:00Z,283.466
2017-09-20T00:00:00Z,283.12
2017-09-21T00:00:00Z,258.594
2017-09-22T00:00:00Z,263.38
2017-09-23T00:00:00Z,285.748
2017-09-24T00:00:00Z,282.878
2017-09-25T00:00:00Z,293.838
2017-09-26T00:00:00Z,288.68
2017-09-27T00:00:00Z,309.878
2017-09-28T00:00:00Z,302.416
2017-09-29T00:00:00Z,293.24
2017-09-30T00:00:00Z,301.284
2017-10-01T00:00:00Z,302.608
2017-10-02T00:00:00Z,296.22
2017-10-03T00:00:00Z,291.502
2017-10-04T00:00:00Z,291.476
2017-10-05T00:00:00Z,294.28
2017-10-06T00:00:00Z,305.57
2017-10-07T00:00:00Z,311.816
2017-10-08T00:00:00Z,308.81
2017-10-09T00:00:00Z,296.036
2017-10-10T00:00:00Z,298.466
2017-10-11T00:00:00Z,302.494
2017-10-12T00:00:00Z,302.584
2017-10-13T00:00:00Z,336.696
2017-10-14T00:00:00Z,338.122
2017-10-15T00:00:00Z,336.346
2017-10-16T00:00:00Z,333.31
2017-10-17T00:00:00Z,316.19
2017-10-18T00:00:00Z,313.808
2017-10-19T00:00:00Z,308.006
2017-10-20T00:00:00Z,303.862
2017-10-21T00:00:00Z,299.446
2017-10-22T00:00:00Z,294.322
2017-10-23T00:00:00Z,285.226
2017-10-24T00:00:00Z,296.348
2017-10-25T00:00:00Z,296.842
2017-10-26T00:00:00Z,296.06
2017-10-27T00:00:00Z,296.628
2017-10-28T00:00:00Z,294.298
2017-10-29T00:00:00Z,303.05
2017-10-30T00:00:00Z,306.434
2017-10-31T00:00:00Z,303.622
2017-11-01T00:00:00Z,289.79
2017-11-02T00:00:00Z,284.722
2017-11-03T00:00:00Z,305.408
2017-11-04T00:00:00Z,300.324
2017-11-05T00:00:00Z,296.368
2017-11-06T00:00:00Z,297.538
2017-11-07T00:00:00Z,292.322
2017-11-08T00:00:00Z,308.226
2017-11-09T00:00:00Z,320.61
2017-11-10T00:00:00Z,298.012
2017-11-11T00:00:00Z,313.958
2017-11-12T00:00:00Z,306.72
2017-11-13T00:00:00Z,314.964
2017-11-14T00:00:00Z,335.134
2017-11-15T00:00:00Z,331.512
2017-11-16T00:00:00Z,330.4
2017-11-17T00:00:00Z,331.546
2017-11-18T00:00:00Z,346.422
2017-11-19T00:00:00Z,355.112
2017-11-20T00:00:00Z,368.332
2017-11-21T00:00:00Z,360.91
2017-11-22T00:00:00Z,380.768
2017-11-23T00:00:00Z,408.346
2017-11-24T00:00:00Z,470.402
2017-11-25T00:00:00Z,465.656
2017-11-26T00:00:00Z,469.438
2017-11-27T00:00:00Z,477.278
2017-11-28T00:00:00Z,468.086
2017-11-29T00:00:00Z,435.26
2017-11-30T00:00:00Z,437.386
2017-12-01T00:00:00Z,463.474
2017-12-02T00:00:00Z,457.13
2017-12-03T00:00:00Z,463.95
2017-12-04T00:00:00Z,467.452
2017-12-05T00:00:00Z,459.64
2017-12-06T00:00:00Z,420.964
2017-12-07T00:00:00Z,424.266
2017-12-08T00:00:00Z,452.798
2017-12-09T00:00:00Z,473.458
2017-12-10T00:00:00Z,440.53
2017-12-11T00:00:00Z,513.562
2017-12-12T00:00:00Z,672.446
2017-12-13T00:00:00Z,702.382
2017-12-14T00:00:00Z,698.126
2017-12-15T00:00:00Z,688.536
2017-12-16T00:00:00Z,697.166
2017-12-17T00:00:00Z,721.314
2017-12-18T00:00:00Z,787.188
2017-12-19T00:00:00Z,819.864
2017-12-20T00:00:00Z,802.45
2017-12-21T00:00:00Z,796.224
2017-12-22T00:00:00Z,676.248
2017-12-23T00:00:00Z,718.804
2017-12-24T00:00:00Z,689.022
2017-12-25T00:00:00Z,730.048
2017-12-26T00:00:00Z,754.47
2017-12-27T00:00:00Z,740.194
2017-12-28T00:00:00Z,721.238
2017-12-29T00:00:00Z,744.966
2017-12-30T00:00:00Z,700.068
2017-12-31T00:00:00Z,736.85
2018-01-01T00:00:00Z,750.296
2018-01-02T00:00:00Z,859.464
2018-01-03T00:00:00Z,940.962
2018-01-04T00:00:00Z,947.196
2018-01-05T00:00:00Z,968.7
2018-01-06T00:00:00Z,1004.718
2018-01-07T00:00:00Z,1110.808
2018-01-08T00:00:00Z,1134.854
2018-01-09T00:00:00Z,1292.236
2018-01-10T00:00:00Z,1247.216
2018-01-11T00:00:00Z,1138
2018-01-12T00:00:00Z,1259.684
2018-01-13T00:00:00Z,1382.28
2018-01-14T00:00:00Z,1358.312
2018-01-15T00:00:00Z,1271.696
2018-01-16T00:00:00Z,1067.292
2018-01-17T00:00:00Z,1019.962
2018-01-18T00:00:00Z,1025.392
2018-01-19T00:00:00Z,1037.516
2018-01-20T00:00:00Z,1147.984
2018-01-21T00:00:00Z,1043.062
2018-01-22T00:00:00Z,997.824
2018-01-23T00:00:00Z,982.54
2018-01-24T00:00:00Z,1059.64
2018-01-25T00:00:00Z,1044.912
2018-01-26T00:00:00Z,1048.628
2018-01-27T00:00:00Z,1105.106
2018-01-28T00:00:00Z,1224.006
2018-01-29T00:00:00Z,1165
2018-01-30T00:00:00Z,1050.924
2018-01-31T00:00:00Z,1100.258
2018-02-01T00:00:00Z,1023.24
2018-02-02T00:00:00Z,913.814
2018-02-03T00:00:00Z,969.736
2018-02-04T00:00:00Z,824.136
2018-02-05T00:00:00Z,693.874
2018-02-06T00:00:00Z,790.076
2018-02-07T00:00:00Z,750.97
2018-02-08T00:00:00Z,813.022
2018-02-09T00:00:00Z,877.88
2018-02-10T00:00:00Z,851.994
2018-02-11T00:00:00Z,811.834
2018-02-12T00:00:00Z,865.026
2018-02-13T00:00:00Z,841.028
2018-02-14T00:00:00Z,921.222
2018-02-15T00:00:00Z,928.944
2018-02-16T00:00:00Z,945.304
2018-02-17T00:00:00Z,974.426
2018-02-18T00:00:00Z,925.04
2018-02-19T00:00:00Z,943.818
2018-02-20T00:00:00Z,895.371
2018-02-21T00:00:00Z,849.971
2018-02-22T00:00:00Z,812.845
2018-02-23T00:00:00Z,864.189
2018-02-24T00:00:00Z,840.515
2018-02-25T00:00:00Z,844.81
2018-02-26T00:00:00Z,869.315
2018-02-27T00:00:00Z,878.107
2018-02-28T00:00:00Z,855.199
2018-03-01T00:00:00Z,872.2
2018-03-02T00:00:00Z,856.853
2018-03-03T00:00:00Z,857.225
2018-03-04T00:00:00Z,866.678
2018-03-05T00:00:00Z,853.684
2018-03-06T00:00:00Z,816.951
2018-03-07T00:00:00Z,752.831
2018-03-08T00:00:00Z,704.596
2018-03-09T00:00:00Z,728.916
2018-03-10T00:00:00Z,686.89
2018-03-11T00:00:00Z,723.339
2018-03-12T00:00:00Z,699.831
2018-03-13T00:00:00Z,690.827
2018-03-14T00:00:00Z,614.291
2018-03-15T00:00:00Z,611.304
2018-03-16T00:00:00Z,601.666
2018-03-17T00:00:00Z,552.779
2018-03-18T00:00:00Z,538.644
2018-03-19T00:00:00Z,554.365
2018-03-20T00:00:00Z,557.175
2018-03-21T00:00:00Z,561.732
2018-03-22T00:00:00Z,539.2
2018-03-23T00:00:00Z,537.552
2018-03-24T00:00:00Z,527.297
2018-03-25T00:00:00Z,524.436
2018-03-26T00:00:00Z,489.897
2018-03-27T00:00:00Z,449.971
2018-03-28T00:00:00Z,448.697
2018-03-29T00:00:00Z,385.964
2018-03-30T00:00:00Z,394.645
2018-03-31T00:00:00Z,396.523
2018-04-01T00:00:00Z,379.607
2018-04-02T00:00:00Z,386.022
2018-04-03T00:00:00Z,416.298
2018-04-04T00:00:00Z,381.043
2018-04-05T00:00:00Z,383.232
2018-04-06T00:00:00Z,370.16
2018-04-07T00:00:00Z,385.481
2018-04-08T00:00:00Z,399.776
2018-04-09T00:00:00Z,397.137
2018-04-10T00:00:00Z,414.155
2018-04-11T00:00:00Z,430.279
2018-04-12T00:00:00Z,493.665
2018-04-13T00:00:00Z,495.801
2018-04-14T00:00:00Z,502.463
2018-04-15T00:00:00Z,534.156
2018-04-16T00:00:00Z,511.099
2018-04-17T00:00:00Z,503.169
2018-04-18T00:00:00Z,524.257
2018-04-19T00:00:00Z,567.475
2018-04-20T00:00:00Z,615.765
2018-04-21T00:00:00Z,603.808
2018-04-22T00:00:00Z,622.043
2018-04-23T00:00:00Z,643.168
2018-04-24T00:00:00Z,707.623
2018-04-25T00:00:00Z,612.7
2018-04-26T00:00:00Z,663.181
2018-04-27T00:00:00Z,647.032
2018-04-28T00:00:00Z,683.548
2018-04-29T00:00:00Z,689.401
2018-04-30T00:00:00Z,669.75
2018-05-01T00:00:00Z,674.192
2018-05-02T00:00:00Z,686.532
2018-05-03T00:00:00Z,781.437
2018-05-04T00:00:00Z,784.908
2018-05-05T00:00:00Z,815.89
2018-05-06T00:00:00Z,793.046
2018-05-07T00:00:00Z,751.327
2018-05-08T00:00:00Z,754.139
2018-05-09T00:00:00Z,751.736
2018-05-10T00:00:00Z,726.664
2018-05-11T00:00:00Z,680.712
2018-05-12T00:00:00Z,685.96
2018-05-13T00:00:00Z,734.488
2018-05-14T00:00:00Z,731.692
2018-05-15T00:00:00Z,709.902
2018-05-16T00:00:00Z,707.05
2018-05-17T00:00:00Z,672.657
2018-05-18T00:00:00Z,693.997
2018-05-19T00:00:00Z,696.275
2018-05-20T00:00:00Z,715.756
2018-05-21T00:00:00Z,699.735
2018-05-22T00:00:00Z,648.226
2018-05-23T00:00:00Z,584.766
2018-05-24T00:00:00Z,602.471
2018-05-25T00:00:00Z,584.337
2018-05-26T00:00:00Z,587.317
2018-05-27T00:00:00Z,573.991
2018-05-28T00:00:00Z,516.54
2018-05-29T00:00:00Z,565.301
2018-05-30T00:00:00Z,559.971
2018-05-31T00:00:00Z,576.808
2018-06-01T00:00:00Z,580.954
2018-06-02T00:00:00Z,591.858
2018-06-03T00:00:00Z,618.329
2018-06-04T00:00:00Z,592.44
2018-06-05T00:00:00Z,609.272
2018-06-06T00:00:00Z,607.062
2018-06-07T00:00:00Z,604.751
2018-06-08T00:00:00Z,601.695
2018-06-09T00:00:00Z,599.774
2018-06-10T00:00:00Z,525.787
2018-06-11T00:00:00Z,532.113
2018-06-12T00:00:00Z,495.119
2018-06-13T00:00:00Z,476.264
2018-06-14T00:00:00Z,519.443
2018-06-15T00:00:00Z,491.095
2018-06-16T00:00:00Z,499.829
2018-06-17T00:00:00Z,500.53
2018-06-18T00:00:00Z,518.703
2018-06-19T00:00:00Z,538.103
2018-06-20T00:00:00Z,536.646
2018-06-21T00:00:00Z,527.522
2018-06-22T00:00:00Z,465.403
2018-06-23T00:00:00Z,474.52
2018-06-24T00:00:00Z,458.233
2018-06-25T00:00:00Z,460.816
2018-06-26T00:00:00Z,434.065
2018-06-27T00:00:00Z,442.177
2018-06-28T00:00:00Z,422.365
2018-06-29T00:00:00Z,436.391
2018-06-30T00:00:00Z,454.991
2018-07-01T00:00:00Z,453.9
2018-07-02T00:00:00Z,475.238
2018-07-03T00:00:00Z,463.738
2018-07-04T00:00:00Z,466.277
2018-07-05T00:00:00Z,474.631
2018-07-06T00:00:00Z,474.155
2018-07-07T00:00:00Z,491.478
2018-07-08T00:00:00Z,489.304
2018-07-09T00:00:00Z,476.627
2018-07-10T00:00:00Z,434.348
2018-07-11T00:00:00Z,446.046
2018-07-12T00:00:00Z,430.074
2018-07-13T00:00:00Z,433.787
2018-07-14T00:00:00Z,436.282
2018-07-15T00:00:00Z,449.85
2018-07-16T00:00:00Z,480.49
2018-07-17T00:00:00Z,500.909
2018-07-18T00:00:00Z,480.513
2018-07-19T00:00:00Z,469.619
2018-07-20T00:00:00Z,450.605
2018-07-21T00:00:00Z,462.477
2018-07-22T00:00:00Z,459.657
2018-07-23T00:00:00Z,450.975
2018-07-24T00:00:00Z,479.373
2018-07-25T00:00:00Z,472.785
2018-07-26T00:00:00Z,464.037
2018-07-27T00:00:00Z,469.636
2018-07-28T00:00:00Z,466.868
2018-07-29T00:00:00Z,466.787
2018-07-30T00:00:00Z,457.2192033
2018-07-31T00:00:00Z,434.3463704
2018-08-01T00:00:00Z,420.7469597
2018-08-02T00:00:00Z,412.6212158
2018-08-03T00:00:00Z,418.6881
2018-08-04T00:00:00Z,407.3692957
2018-08-05T00:00:00Z,410.2144515
2018-08-06T00:00:00Z,406.5253679
2018-08-07T00:00:00Z,380.425982
2018-08-08T00:00:00Z,356.6130287
2018-08-09T00:00:00Z,365.7775388
2018-08-10T00:00:00Z,334.2112442
2018-08-11T00:00:00Z,322.1115239
2018-08-12T00:00:00Z,319.3682829
2018-08-13T00:00:00Z,286.3524342
2018-08-14T00:00:00Z,278.9316108
2018-08-15T00:00:00Z,282.5072514
2018-08-16T00:00:00Z,287.3663016
2018-08-17T00:00:00Z,315.72895
2018-08-18T00:00:00Z,295.7366466
2018-08-19T00:00:00Z,301.0260737
2018-08-20T00:00:00Z,274.5634496
2018-08-21T00:00:00Z,281.6862875
2018-08-22T00:00:00Z,271.1912848
2018-08-23T00:00:00Z,277.103883
2018-08-24T00:00:00Z,283.2568184
2018-08-25T00:00:00Z,279.534084
2018-08-26T00:00:00Z,274.578099
2018-08-27T00:00:00Z,285.6883974
2018-08-28T00:00:00Z,296.4994899
2018-08-29T00:00:00Z,289.2518416
2018-08-30T00:00:00Z,284.0888608
2018-08-31T00:00:00Z,282.8171831
2018-09-01T00:00:00Z,295.5034789
2018-09-02T00:00:00Z,294.2230974
2018-09-03T00:00:00Z,289.1448981
2018-09-04T00:00:00Z,285.6941495
2018-09-05T00:00:00Z,232.7084936
2018-09-06T00:00:00Z,230.1020223
2018-09-07T00:00:00Z,217.5558327
2018-09-08T00:00:00Z,197.9089997
2018-09-09T00:00:00Z,197.1488911
2018-09-10T00:00:00Z,197.0790749
2018-09-11T00:00:00Z,185.1230624
2018-09-12T00:00:00Z,183.4303939
2018-09-13T00:00:00Z,211.936344
2018-09-14T00:00:00Z,211.6401637
2018-09-15T00:00:00Z,223.1108685
2018-09-16T00:00:00Z,220.5034097
2018-09-17T00:00:00Z,197.9830693
2018-09-18T00:00:00Z,210.3075005
2018-09-19T00:00:00Z,210.1563986
2018-09-20T00:00:00Z,224.3700741
2018-09-21T00:00:00Z,246.6707064
2018-09-22T00:00:00Z,240.8117432
2018-09-23T00:00:00Z,244.6948258
2018-09-24T00:00:00Z,228.729914
2018-09-25T00:00:00Z,218.3480091
2018-09-26T00:00:00Z,216.1425928
2018-09-27T00:00:00Z,228.6322352
2018-09-28T00:00:00Z,222.6610252
2018-09-29T00:00:00Z,231.7038751
2018-09-30T00:00:00Z,232.8157581
2018-10-01T00:00:00Z,230.853973
2018-10-02T00:00:00Z,227.3136492
2018-10-03T00:00:00Z,220.578864
2018-10-04T00:00:00Z,222.2329817
2018-10-05T00:00:00Z,227.6006402
2018-10-06T00:00:00Z,225.0730702
2018-10-07T00:00:00Z,226.1185125
2018-10-08T00:00:00Z,229.2551666
2018-10-09T00:00:00Z,228.00274
2018-10-10T00:00:00Z,225.8302706
2018-10-11T00:00:00Z,189.4666389
2018-10-12T00:00:00Z,196.9911344
2018-10-13T00:00:00Z,199.6055548
2018-10-14T00:00:00Z,195.5112479
2018-10-15T00:00:00Z,209.9596861
2018-10-16T00:00:00Z,209.9651813
2018-10-17T00:00:00Z,207.0486155
2018-10-18T00:00:00Z,203.1887039
2018-10-19T00:00:00Z,203.9644315
2018-10-20T00:00:00Z,205.4561016
2018-10-21T00:00:00Z,205.1015043
2018-10-22T00:00:00Z,204.0205696
2018-10-23T00:00:00Z,204.2122341
2018-10-24T00:00:00Z,203.8501478
2018-10-25T00:00:00Z,202.8422425
2018-10-26T00:00:00Z,203.3882963
2018-10-27T00:00:00Z,204.6059158
2018-10-28T00:00:00Z,205.3663104
2018-10-29T00:00:00Z,197.2470575
2018-10-30T00:00:00Z,197.8547643
2018-10-31T00:00:00Z,197.4421085
2018-11-01T00:00:00Z,198.7268862
2018-11-02T00:00:00Z,200.7333652
2018-11-03T00:00:00Z,200.1936861
2018-11-04T00:00:00Z,208.0596212
2018-11-05T00:00:00Z,209.2641655
2018-11-06T00:00:00Z,217.9624329
2018-11-07T00:00:00Z,217.1629734
2018-11-08T00:00:00Z,212.096317
2018-11-09T00:00:00Z,210.0422822
2018-11-10T00:00:00Z,212.3721197
2018-11-11T00:00:00Z,211.4174487
2018-11-12T00:00:00Z,210.1172038
2018-11-13T00:00:00Z,206.843275
2018-11-14T00:00:00Z,181.0962495
2018-11-15T00:00:00Z,180.8265741
2018-11-16T00:00:00Z,175.2774042
2018-11-17T00:00:00Z,174.0624109
2018-11-18T00:00:00Z,176.9137668
2018-11-19T00:00:00Z,149.5012698
2018-11-20T00:00:00Z,129.8880949
2018-11-21T00:00:00Z,136.9317417
2018-11-22T00:00:00Z,127.1387595
2018-11-23T00:00:00Z,123.4325453
2018-11-24T00:00:00Z,113.5519657
2018-11-25T00:00:00Z,116.5756973
2018-11-26T00:00:00Z,108.2803699
2018-11-27T00:00:00Z,109.8193198
2018-11-28T00:00:00Z,122.430983
2018-11-29T00:00:00Z,117.4945305
2018-11-30T00:00:00Z,113.0849927
2018-12-01T00:00:00Z,118.8099924
2018-12-02T00:00:00Z,116.3886806
2018-12-03T00:00:00Z,108.9976436
2018-12-04T00:00:00Z,111.2606821
2018-12-05T00:00:00Z,102.4755556
2018-12-06T00:00:00Z,91.76105616
2018-12-07T00:00:00Z,93.29456401
2018-12-08T00:00:00Z,92.15963969
2018-12-09T00:00:00Z,95.25231577
2018-12-10T00:00:00Z,91.7173697
2018-12-11T00:00:00Z,88.90060738
2018-12-12T00:00:00Z,90.45888447
2018-12-13T00:00:00Z,86.41753832
2018-12-14T00:00:00Z,84.31603063
2018-12-15T00:00:00Z,84.45395164
2018-12-16T00:00:00Z,85.29408908
2018-12-17T00:00:00Z,95.10470401
2018-12-18T00:00:00Z,101.0855992
2018-12-19T00:00:00Z,101.3505901
2018-12-20T00:00:00Z,116.2179885
2018-12-21T00:00:00Z,109.507403
2018-12-22T00:00:00Z,116.7685529
2018-12-23T00:00:00Z,130.7314181
2018-12-24T00:00:00Z,139.9921292
2018-12-25T00:00:00Z,129.8443518
2018-12-26T00:00:00Z,131.6741748
2018-12-27T00:00:00Z,116.631372
2018-12-28T00:00:00Z,136.4714812
2018-12-29T00:00:00Z,137.8818328
2018-12-30T00:00:00Z,139.9100809
2018-12-31T00:00:00Z,133.3577073
2019-01-01T00:00:00Z,140.7226251
2019-01-02T00:00:00Z,155.9311261
2019-01-03T00:00:00Z,149.1294164
2019-01-04T00:00:00Z,154.5482515
2019-01-05T00:00:00Z,155.8742849
2019-01-06T00:00:00Z,157.7086445
2019-01-07T00:00:00Z,151.6900303
2019-01-08T00:00:00Z,150.4790774
2019-01-09T00:00:00Z,150.8661691
2019-01-10T00:00:00Z,129.0612893
2019-01-11T00:00:00Z,127.3664703
2019-01-12T00:00:00Z,125.8173096
2019-01-13T00:00:00Z,116.8889274
2019-01-14T00:00:00Z,129.0687326
2019-01-15T00:00:00Z,121.9435176
2019-01-16T00:00:00Z,123.5756976
2019-01-17T00:00:00Z,123.7848157
2019-01-18T00:00:00Z,120.9606245
2019-01-19T00:00:00Z,124.4947353
2019-01-20T00:00:00Z,119.4573716
2019-01-21T00:00:00Z,117.1649375
2019-01-22T00:00:00Z,118.7765339
2019-01-23T00:00:00Z,117.4526092
2019-01-24T00:00:00Z,117.4756822
2019-01-25T00:00:00Z,116.4110288
2019-01-26T00:00:00Z,116.4623106
2019-01-27T00:00:00Z,113.6334581
2019-01-28T00:00:00Z,106.5951069
2019-01-29T00:00:00Z,105.6451262
2019-01-30T00:00:00Z,108.9512711
2019-01-31T00:00:00Z,107.0357547
2019-02-01T00:00:00Z,107.7559189
2019-02-02T00:00:00Z,110.5719397
2019-02-03T00:00:00Z,107.5565057
2019-02-04T00:00:00Z,107.6964062
2019-02-05T00:00:00Z,107.322731
2019-02-06T00:00:00Z,104.9149916
2019-02-07T00:00:00Z,104.5449283
2019-02-08T00:00:00Z,119.1368035
2019-02-09T00:00:00Z,119.4960499
2019-02-10T00:00:00Z,124.8097309
2019-02-11T00:00:00Z,121.3233652
2019-02-12T00:00:00Z,122.547868
2019-02-13T00:00:00Z,122.5110827
2019-02-14T00:00:00Z,121.5696256
2019-02-15T00:00:00Z,122.1891813
2019-02-16T00:00:00Z,123.3492615
2019-02-17T00:00:00Z,133.8969852
2019-02-18T00:00:00Z,146.1640449
2019-02-19T00:00:00Z,145.2228314
2019-02-20T00:00:00Z,149.5199508
2019-02-21T00:00:00Z,146.0151829
2019-02-22T00:00:00Z,149.0094342
2019-02-23T00:00:00Z,158.6837041
2019-02-24T00:00:00Z,136.649094
2019-02-25T00:00:00Z,139.838972
2019-02-26T00:00:00Z,137.9950847
2019-02-27T00:00:00Z,136.1960943
2019-02-28T00:00:00Z,136.8444064
2019-03-01T00:00:00Z,136.4385545
2019-03-02T00:00:00Z,134.3271802
2019-03-03T00:00:00Z,132.3131691
2019-03-04T00:00:00Z,127.364332
2019-03-05T00:00:00Z,137.620251
2019-03-06T00:00:00Z,138.857442
2019-03-07T00:00:00Z,138.0311451
2019-03-08T00:00:00Z,135.0443539
2019-03-09T00:00:00Z,137.8081187
2019-03-10T00:00:00Z,137.0159993
2019-03-11T00:00:00Z,133.8695749
2019-03-12T00:00:00Z,134.490597
2019-03-13T00:00:00Z,133.2397378
2019-03-14T00:00:00Z,133.6074344
2019-03-15T00:00:00Z,137.5182076
2019-03-16T00:00:00Z,142.4684298
2019-03-17T00:00:00Z,140.1050923
2019-03-18T00:00:00Z,139.5171965
2019-03-19T00:00:00Z,140.4156091
2019-03-20T00:00:00Z,140.6096747
2019-03-21T00:00:00Z,136.6255019
2019-03-22T00:00:00Z,137.2611857
2019-03-23T00:00:00Z,138.2262636
2019-03-24T00:00:00Z,136.9213844
2019-03-25T00:00:00Z,135.0310275
2019-03-26T00:00:00Z,135.4603529
2019-03-27T00:00:00Z,140.9881575
2019-03-28T00:00:00Z,139.4164776
2019-03-29T00:00:00Z,142.4974171
2019-03-30T00:00:00Z,143.2
2019-03-31T00:00:00Z,142.59
2019-04-01T00:00:00Z,141.8558745
2019-04-02T00:00:00Z,164.1646776
2019-04-03T00:00:00Z,161.431761
2019-04-04T00:00:00Z,158.0200077
2019-04-05T00:00:00Z,165.5112395
2019-04-06T00:00:00Z,165.9772415
2019-04-07T00:00:00Z,174.4496691
2019-04-08T00:00:00Z,180.2221291
2019-04-09T00:00:00Z,176.067842
2019-04-10T00:00:00Z,177.3427653
2019-04-11T00:00:00Z,165.3352123
2019-04-12T00:00:00Z,164.6228547
2019-04-13T00:00:00Z,164.476088
2019-04-14T00:00:00Z,167.8974741
2019-04-15T00:00:00Z,161.5234239
2019-04-16T00:00:00Z,167.5866017
2019-04-17T00:00:00Z,166.9507616
2019-04-18T00:00:00Z,173.8140324
2019-04-19T00:00:00Z,173.7084412
2019-04-20T00:00:00Z,173.7512654
2019-04-21T00:00:00Z,170.0465218
2019-04-22T00:00:00Z,171.8746696
2019-04-23T00:00:00Z,171.4477988
2019-04-24T00:00:00Z,165.8260906
2019-04-25T00:00:00Z,154.4594
2019-04-26T00:00:00Z,156.3470873
2019-04-27T00:00:00Z,158.4349324
2019-04-28T00:00:00Z,157.295074
2019-04-29T00:00:00Z,155.2019955
2019-04-30T00:00:00Z,162.1660371
2019-05-01T00:00:00Z,160.8183443
2019-05-02T00:00:00Z,162.1227913
2019-05-03T00:00:00Z,167.9524086
2019-05-04T00:00:00Z,164.0265805
2019-05-05T00:00:00Z,163.450697
2019-05-06T00:00:00Z,172.653208
2019-05-07T00:00:00Z,169.7986574
2019-05-08T00:00:00Z,170.9481682
2019-05-09T00:00:00Z,170.2893016
2019-05-10T00:00:00Z,173.142739
2019-05-11T00:00:00Z,194.3043415
2019-05-12T00:00:00Z,187.3253227
2019-05-13T00:00:00Z,196.8462769
2019-05-14T00:00:00Z,217.1485717
2019-05-15T00:00:00Z,247.1530654
2019-05-16T00:00:00Z,264.0100231
2019-05-17T00:00:00Z,243.7645934
2019-05-18T00:00:00Z,234.5952296
2019-05-19T00:00:00Z,261.2922193
2019-05-20T00:00:00Z,251.8644167
2019-05-21T00:00:00Z,255.2158759
2019-05-22T00:00:00Z,244.6989116
2019-05-23T00:00:00Z,245.9870895
2019-05-24T00:00:00Z,249.6940502
2019-05-25T00:00:00Z,251.7247951
2019-05-26T00:00:00Z,267.141884
2019-05-27T00:00:00Z,272.5904972
2019-05-28T00:00:00Z,271.7790661
2019-05-29T00:00:00Z,269.4242949
2019-05-30T00:00:00Z,255.9575741
2019-05-31T00:00:00Z,268.0836885
2019-06-01T00:00:00Z,265.2786937
2019-06-02T00:00:00Z,270.4526469
2019-06-03T00:00:00Z,252.7716506
2019-06-04T00:00:00Z,241.075335
2019-06-05T00:00:00Z,247.1503399
2019-06-06T00:00:00Z,249.4602967
2019-06-07T00:00:00Z,251.5405265
2019-06-08T00:00:00Z,245.6363134
2019-06-09T00:00:00Z,233.0188343
2019-06-10T00:00:00Z,247.2623834
2019-06-11T00:00:00Z,245.5797355
2019-06-12T00:00:00Z,260.3221371
2019-06-13T00:00:00Z,255.9888148
2019-06-14T00:00:00Z,264.4240553
2019-06-15T00:00:00Z,268.8218983
2019-06-16T00:00:00Z,269.5591549
2019-06-17T00:00:00Z,274.4745516
2019-06-18T00:00:00Z,265.02834
2019-06-19T00:00:00Z,269.4394972
2019-06-20T00:00:00Z,271.7650066
2019-06-21T00:00:00Z,294.2041012
2019-06-22T00:00:00Z,310.0917439
2019-06-23T00:00:00Z,307.8380266
2019-06-24T00:00:00Z,310.1541002
2019-06-25T00:00:00Z,317.9666762
2019-06-26T00:00:00Z,336.8654418
2019-06-27T00:00:00Z,293.3969368
2019-06-28T00:00:00Z,310.4776019
2019-06-29T00:00:00Z,322.043557
2019-06-30T00:00:00Z,291.5372797
2019-07-01T00:00:00Z,293.7209917
2019-07-02T00:00:00Z,291.4893176
2019-07-03T00:00:00Z,303.1182371
2019-07-04T00:00:00Z,284.4197598
2019-07-05T00:00:00Z,287.9779125
2019-07-06T00:00:00Z,287.5045702
2019-07-07T00:00:00Z,305.7627398
2019-07-08T00:00:00Z,313.1559627
2019-07-09T00:00:00Z,308.6766637
2019-07-10T00:00:00Z,290.086174
2019-07-11T00:00:00Z,268.4091993
2019-07-12T00:00:00Z,276.238417
2019-07-13T00:00:00Z,269.6024187
2019-07-14T00:00:00Z,228.2075598
2019-07-15T00:00:00Z,230.0463704
2019-07-16T00:00:00Z,199.5115927
2019-07-17T00:00:00Z,211.5132916
2019-07-18T00:00:00Z,226.5441706
2019-07-19T00:00:00Z,221.2296104
2019-07-20T00:00:00Z,228.9649258
2019-07-21T00:00:00Z,225.701062
2019-07-22T00:00:00Z,217.5632756
2019-07-23T00:00:00Z,212.7844384
2019-07-24T00:00:00Z,217.16758
2019-07-25T00:00:00Z,219.6895346
2019-07-26T00:00:00Z,219.6987112
2019-07-27T00:00:00Z,207.2311188
2019-07-28T00:00:00Z,211.0039125
2019-07-29T00:00:00Z,211.2252839
2019-07-30T00:00:00Z,210.4555248
2019-07-31T00:00:00Z,218.6541458
2019-08-01T00:00:00Z,217.8084434
2019-08-02T00:00:00Z,217.8715617
2019-08-03T00:00:00Z,222.4903354
2019-08-04T00:00:00Z,222.6697267
2019-08-05T00:00:00Z,234.2150271
2019-08-06T00:00:00Z,226.02065
2019-08-07T00:00:00Z,226.3910078
2019-08-08T00:00:00Z,220.941859
2019-08-09T00:00:00Z,210.4889133
2019-08-10T00:00:00Z,206.7335343
2019-08-11T00:00:00Z,216.0928718
2019-08-12T00:00:00Z,211.288064
2019-08-13T00:00:00Z,208.6039908
2019-08-14T00:00:00Z,186.683509
2019-08-15T00:00:00Z,188.6442515
2019-08-16T00:00:00Z,185.5316602
2019-08-17T00:00:00Z,185.8411011
2019-08-18T00:00:00Z,194.55603
2019-08-19T00:00:00Z,202.8131428
2019-08-20T00:00:00Z,196.6216963
2019-08-21T00:00:00Z,186.9412376
2019-08-22T00:00:00Z,191.1068707
2019-08-23T00:00:00Z,194.6716376
2019-08-24T00:00:00Z,191.2347817
2019-08-25T00:00:00Z,186.7355553
2019-08-26T00:00:00Z,188.950058
2019-08-27T00:00:00Z,187.4955009
2019-08-28T00:00:00Z,173.9586925
2019-08-29T00:00:00Z,169.4892815
2019-08-30T00:00:00Z,168.8878995
2019-08-31T00:00:00Z,172.458408
2019-09-01T00:00:00Z,171.6976013
2019-09-02T00:00:00Z,178.3577501
2019-09-03T00:00:00Z,179.491989
2019-09-04T00:00:00Z,175.9662773
2019-09-05T00:00:00Z,174.1722188
2019-09-06T00:00:00Z,169.9552749
2019-09-07T00:00:00Z,178.2825873
2019-09-08T00:00:00Z,181.3624848
2019-09-09T00:00:00Z,181.2128414
2019-09-10T00:00:00Z,179.8395
2019-09-11T00:00:00Z,178.8037684
2019-09-12T00:00:00Z,180.9755814
2019-09-13T00:00:00Z,181.3215742
2019-09-14T00:00:00Z,188.0684334
2019-09-15T00:00:00Z,189.6893348
2019-09-16T00:00:00Z,197.1147549
2019-09-17T00:00:00Z,208.0506031
2019-09-18T00:00:00Z,211.247234
2019-09-19T00:00:00Z,221.0696304
2019-09-20T00:00:00Z,217.8973795
2019-09-21T00:00:00Z,215.4865602
2019-09-22T00:00:00Z,211.7132038
2019-09-23T00:00:00Z,201.8420856
2019-09-24T00:00:00Z,168.1335706
2019-09-25T00:00:00Z,170.7569193
2019-09-26T00:00:00Z,166.6516999
2019-09-27T00:00:00Z,174.6808326
2019-09-28T00:00:00Z,174.6127454
2019-09-29T00:00:00Z,170.4613528
2019-09-30T00:00:00Z,180.2091171
2019-10-01T00:00:00Z,177.2240533
2019-10-02T00:00:00Z,180.7037091
2019-10-03T00:00:00Z,175.2384292
2019-10-04T00:00:00Z,176.9463237
2019-10-05T00:00:00Z,176.3643842
2019-10-06T00:00:00Z,172.9403415
2019-10-07T00:00:00Z,181.113357
2019-10-08T00:00:00Z,182.0362977
2019-10-09T00:00:00Z,193.1910758
2019-10-10T00:00:00Z,191.8468115
2019-10-11T00:00:00Z,182.604288
2019-10-12T00:00:00Z,181.0564471
2019-10-13T00:00:00Z,182.0834959
2019-10-14T00:00:00Z,186.8725885
2019-10-15T00:00:00Z,181.4719164
2019-10-16T00:00:00Z,176.362786
2019-10-17T00:00:00Z,178.0714254
2019-10-18T00:00:00Z,173.5417248
2019-10-19T00:00:00Z,172.8608307
2019-10-20T00:00:00Z,175.4100436
2019-10-21T00:00:00Z,174.8523578
2019-10-22T00:00:00Z,172.3035221
2019-10-23T00:00:00Z,162.1434229
2019-10-24T00:00:00Z,162.2176193
2019-10-25T00:00:00Z,181.3376524
2019-10-26T00:00:00Z,179.9178807
2019-10-27T00:00:00Z,184.5307146
2019-10-28T00:00:00Z,183.1208168
2019-10-29T00:00:00Z,190.250188
2019-10-30T00:00:00Z,184.7447176
2019-10-31T00:00:00Z,183.8772803
2019-11-01T00:00:00Z,184.0041183
2019-11-02T00:00:00Z,183.8837023
2019-11-03T00:00:00Z,182.3598578
2019-11-04T00:00:00Z,186.3021072
2019-11-05T00:00:00Z,189.6469864
2019-11-06T00:00:00Z,191.6016747
2019-11-07T00:00:00Z,188.0638131
2019-11-08T00:00:00Z,184.342278
2019-11-09T00:00:00Z,184.9958626
2019-11-10T00:00:00Z,189.5060189
2019-11-11T00:00:00Z,185.4671925
2019-11-12T00:00:00Z,186.8066695
2019-11-13T00:00:00Z,188.2707374
2019-11-14T00:00:00Z,186.0308904
2019-11-15T00:00:00Z,180.481435
2019-11-16T00:00:00Z,183.3454298
2019-11-17T00:00:00Z,185.0764487
2019-11-18T00:00:00Z,180.5907073
2019-11-19T00:00:00Z,177.409965
2019-11-20T00:00:00Z,175.7257656
2019-11-21T00:00:00Z,161.4686481
2019-11-22T00:00:00Z,150.4172516
2019-11-23T00:00:00Z,153.3702033
2019-11-24T00:00:00Z,143.6462223
2019-11-25T00:00:00Z,146.4843951
2019-11-26T00:00:00Z,149.0211074
2019-11-27T00:00:00Z,153.1025177
2019-11-28T00:00:00Z,151.6190629
2019-11-29T00:00:00Z,155.2386079
2019-11-30T00:00:00Z,152.518148
2019-12-01T00:00:00Z,151.2188095
2019-12-02T00:00:00Z,149.0963591
2019-12-03T00:00:00Z,148.0469426
2019-12-04T00:00:00Z,146.7265407
2019-12-05T00:00:00Z,149.29013
2019-12-06T00:00:00Z,149.0656287
2019-12-07T00:00:00Z,148.774303
2019-12-08T00:00:00Z,151.3253526
2019-12-09T00:00:00Z,148.2860438
2019-12-10T00:00:00Z,146.1947789
2019-12-11T00:00:00Z,143.6247859
2019-12-12T00:00:00Z,145.5710271
2019-12-13T00:00:00Z,144.9313564
2019-12-14T00:00:00Z,142.865
2019-12-15T00:00:00Z,143.0876869
2019-12-16T00:00:00Z,133.7368487
2019-12-17T00:00:00Z,121.8771151
2019-12-18T00:00:00Z,132.8896747
2019-12-19T00:00:00Z,129.3396435
2019-12-20T00:00:00Z,129.1174229
2019-12-21T00:00:00Z,128.10476
2019-12-22T00:00:00Z,132.4380413
2019-12-23T00:00:00Z,128.607145
2019-12-24T00:00:00Z,128.9531885
2019-12-25T00:00:00Z,126.6551414
2019-12-26T00:00:00Z,126.3962808
2019-12-27T00:00:00Z,127.2997753
2019-12-28T00:00:00Z,128.3316055
2019-12-29T00:00:00Z,134.6861953
2019-12-30T00:00:00Z,132.6806502
2019-12-31T00:00:00Z,129.6204853
2020-01-01T00:00:00Z,130.656491
2020-01-02T00:00:00Z,127.4247184
2020-01-03T00:00:00Z,134.1575506
2020-01-04T00:00:00Z,135.0844165
2020-01-05T00:00:00Z,136.2449249
2020-01-06T00:00:00Z,144.1778755
2020-01-07T00:00:00Z,143.7008473
2020-01-08T00:00:00Z,141.3978914
2020-01-09T00:00:00Z,138.9450965
2020-01-10T00:00:00Z,143.9637812
2020-01-11T00:00:00Z,142.9624368
2020-01-12T00:00:00Z,145.7235792
2020-01-13T00:00:00Z,144.4073816
2020-01-14T00:00:00Z,165.9553586
2020-01-15T00:00:00Z,166.2306851
2020-01-16T00:00:00Z,164.391011
2020-01-17T00:00:00Z,170.779958
2020-01-18T00:00:00Z,175.3656715
2020-01-19T00:00:00Z,166.969842
2020-01-20T00:00:00Z,167.1205093
2020-01-21T00:00:00Z,169.6971639
2020-01-22T00:00:00Z,168.2941617
2020-01-23T00:00:00Z,162.9285584
2020-01-24T00:00:00Z,163.0511829
2020-01-25T00:00:00Z,161.2839364
2020-01-26T00:00:00Z,168.0771005
2020-01-27T00:00:00Z,170.9308904
2020-01-28T00:00:00Z,176.3703205
2020-01-29T00:00:00Z,175.0503379
2020-01-30T00:00:00Z,184.6904764
2020-01-31T00:00:00Z,180.1601752
2020-02-01T00:00:00Z,183.6739471
2020-02-02T00:00:00Z,188.6175382
2020-02-03T00:00:00Z,189.8650632
2020-02-04T00:00:00Z,189.2506024
2020-02-05T00:00:00Z,204.2302447
2020-02-06T00:00:00Z,212.3390797
2020-02-07T00:00:00Z,222.6468914
2020-02-08T00:00:00Z,223.4209143
2020-02-09T00:00:00Z,228.5815545
2020-02-10T00:00:00Z,223.6035152
2020-02-11T00:00:00Z,235.9029573
2020-02-12T00:00:00Z,265.0617233
2020-02-13T00:00:00Z,267.8696911
2020-02-14T00:00:00Z,284.7039243
2020-02-15T00:00:00Z,264.3406413
2020-02-16T00:00:00Z,260.91853
2020-02-17T00:00:00Z,266.6192114
2020-02-18T00:00:00Z,281.7248883
2020-02-19T00:00:00Z,260.6748519
2020-02-20T00:00:00Z,258.3882517
2020-02-21T00:00:00Z,265.6339403
2020-02-22T00:00:00Z,262.1366442
2020-02-23T00:00:00Z,273.4558406
2020-02-24T00:00:00Z,265.0892507
2020-02-25T00:00:00Z,248.6668306
2020-02-26T00:00:00Z,226.0489258
2020-02-27T00:00:00Z,225.6144574
2020-02-28T00:00:00Z,227.068367
2020-02-29T00:00:00Z,220.1386791
2020-03-01T00:00:00Z,218.769824
2020-03-02T00:00:00Z,230.5108907
2020-03-03T00:00:00Z,224.5468452
2020-03-04T00:00:00Z,224.2924075
2020-03-05T00:00:00Z,228.7299383
2020-03-06T00:00:00Z,243.2302732
2020-03-07T00:00:00Z,237.7105032
2020-03-08T00:00:00Z,201.812521
2020-03-09T00:00:00Z,201.1941155
2020-03-10T00:00:00Z,200.9766275
2020-03-11T00:00:00Z,194.8138169
2020-03-12T00:00:00Z,111.2107123
2020-03-13T00:00:00Z,132.9329705
2020-03-14T00:00:00Z,123.4143661
2020-03-15T00:00:00Z,125.219444
2020-03-16T00:00:00Z,110.5882651
2020-03-17T00:00:00Z,114.1502791
2020-03-18T00:00:00Z,114.528519
2020-03-19T00:00:00Z,136.7855932
2020-03-20T00:00:00Z,132.0771628
2020-03-21T00:00:00Z,132.5869486
2020-03-22T00:00:00Z,123.3070744
2020-03-23T00:00:00Z,134.5910705
2020-03-24T00:00:00Z,138.768074
2020-03-25T00:00:00Z,136.0915211
2020-03-26T00:00:00Z,138.3774152
2020-03-27T00:00:00Z,134.0529626
2020-03-28T00:00:00Z,131.0161709
2020-03-29T00:00:00Z,125.727259
2020-03-30T00:00:00Z,133.0552143
2020-03-31T00:00:00Z,133.7565886
2020-04-01T00:00:00Z,135.0009483
2020-04-02T00:00:00Z,141.642001
2020-04-03T00:00:00Z,141.9573669
2020-04-04T00:00:00Z,145.3773066
2020-04-05T00:00:00Z,143.6286618
2020-04-06T00:00:00Z,168.8191614
2020-04-07T00:00:00Z,165.2859482
2020-04-08T00:00:00Z,172.696586
2020-04-09T00:00:00Z,170.8627259
2020-04-10T00:00:00Z,158.3386141
2020-04-11T00:00:00Z,157.9956327
2020-04-12T00:00:00Z,161.2598482
2020-04-13T00:00:00Z,156.3234432
2020-04-14T00:00:00Z,157.4612484
2020-04-15T00:00:00Z,153.2733938
2020-04-16T00:00:00Z,172.0401809
2020-04-17T00:00:00Z,171.5655858
2020-04-18T00:00:00Z,186.7512018
2020-04-19T00:00:00Z,181.5271619
2020-04-20T00:00:00Z,171.9455604
2020-04-21T00:00:00Z,172.6015245
2020-04-22T00:00:00Z,182.5788832
2020-04-23T00:00:00Z,184.9495458
2020-04-24T00:00:00Z,189.3061093
2020-04-25T00:00:00Z,195.4531616
2020-04-26T00:00:00Z,197.3278981
2020-04-27T00:00:00Z,197.2504854
2020-04-28T00:00:00Z,198.415383
2020-04-29T00:00:00Z,216.9682239
2020-04-30T00:00:00Z,207.4082246
2020-05-01T00:00:00Z,214.0680678
2020-05-02T00:00:00Z,215.3406329
2020-05-03T00:00:00Z,210.9832291
2020-05-04T00:00:00Z,208.2909277
2020-05-05T00:00:00Z,206.6558144
2020-05-06T00:00:00Z,204.0408785
2020-05-07T00:00:00Z,212.824216
2020-05-08T00:00:00Z,213.0782025
2020-05-09T00:00:00Z,211.4973476
2020-05-10T00:00:00Z,188.5995704
2020-05-11T00:00:00Z,185.7929838
2020-05-12T00:00:00Z,189.271001
2020-05-13T00:00:00Z,199.2416301
2020-05-14T00:00:00Z,203.0427602
2020-05-15T00:00:00Z,195.5811059
2020-05-16T00:00:00Z,200.7213076
2020-05-17T00:00:00Z,207.1519787
2020-05-18T00:00:00Z,214.4828905
2020-05-19T00:00:00Z,213.4242156
2020-05-20T00:00:00Z,210.008409
2020-05-21T00:00:00Z,199.8697022
2020-05-22T00:00:00Z,207.1952993
2020-05-23T00:00:00Z,208.8773787
2020-05-24T00:00:00Z,202.601053
2020-05-25T00:00:00Z,205.3924871
2020-05-26T00:00:00Z,201.8240198
2020-05-27T00:00:00Z,208.8240423
2020-05-28T00:00:00Z,219.6298466
2020-05-29T00:00:00Z,220.791959
2020-05-30T00:00:00Z,242.3035998
2020-05-31T00:00:00Z,230.9260166
2020-06-01T00:00:00Z,246.9577447
2020-06-02T00:00:00Z,237.2321507
2020-06-03T00:00:00Z,244.0112453
2020-06-04T00:00:00Z,244.4054539
2020-06-05T00:00:00Z,241.252801
2020-06-06T00:00:00Z,241.790079
2020-06-07T00:00:00Z,245.0165601
2020-06-08T00:00:00Z,246.4118487
2020-06-09T00:00:00Z,244.7628326
2020-06-10T00:00:00Z,247.3877062
2020-06-11T00:00:00Z,231.8461792
2020-06-12T00:00:00Z,237.4336335
2020-06-13T00:00:00Z,239.0131191
2020-06-14T00:00:00Z,234.1146952
2020-06-15T00:00:00Z,230.1549562
2020-06-16T00:00:00Z,234.5432022
2020-06-17T00:00:00Z,233.0876305
2020-06-18T00:00:00Z,232.0118369
2020-06-19T00:00:00Z,227.1130464
2020-06-20T00:00:00Z,229.1400552
2020-06-21T00:00:00Z,228.8523219
2020-06-22T00:00:00Z,242.4699771
2020-06-23T00:00:00Z,244.1260873
2020-06-24T00:00:00Z,235.5506539
2020-06-25T00:00:00Z,233.1642987
2020-06-26T00:00:00Z,229.7396345
2020-06-27T00:00:00Z,223.0477806
2020-06-28T00:00:00Z,225.5561057
2020-06-29T00:00:00Z,228.3217635
2020-06-30T00:00:00Z,226.3331938
2020-07-01T00:00:00Z,231.0968723
2020-07-02T00:00:00Z,229.3922016
2020-07-03T00:00:00Z,225.3870633
2020-07-04T00:00:00Z,228.7657001
2020-07-05T00:00:00Z,227.8190103
2020-07-06T00:00:00Z,241.5911297
2020-07-07T00:00:00Z,238.9662706
2020-07-08T00:00:00Z,246.6625113
2020-07-09T00:00:00Z,243.3520903
2020-07-10T00:00:00Z,240.9849852
2020-07-11T00:00:00Z,239.4581769
2020-07-12T00:00:00Z,242.1316952
2020-07-13T00:00:00Z,239.6045848
2020-07-14T00:00:00Z,240.2114942
2020-07-15T00:00:00Z,238.4235269
2020-07-16T00:00:00Z,233.8959041
2020-07-17T00:00:00Z,232.7800875
2020-07-18T00:00:00Z,235.4727181
2020-07-19T00:00:00Z,238.5512484
2020-07-20T00:00:00Z,236.4533588
2020-07-21T00:00:00Z,245.0948992
2020-07-22T00:00:00Z,262.1906563
2020-07-23T00:00:00Z,274.465803
2020-07-24T00:00:00Z,279.0557608
2020-07-25T00:00:00Z,304.0567612
2020-07-26T00:00:00Z,309.4231363
2020-07-27T00:00:00Z,322.2507838
2020-07-28T00:00:00Z,316.4627083
2020-07-29T00:00:00Z,317.9591038
2020-07-30T00:00:00Z,334.7933777
2020-07-31T00:00:00Z,345.9044433
2020-08-01T00:00:00Z,385.1235704
2020-08-02T00:00:00Z,370.269149
2020-08-03T00:00:00Z,386.7807812
2020-08-04T00:00:00Z,389.6544577
2020-08-05T00:00:00Z,401.7798104
2020-08-06T00:00:00Z,395.1358184
2020-08-07T00:00:00Z,379.6443306
2020-08-08T00:00:00Z,391.6167562
2020-08-09T00:00:00Z,390.4351186
2020-08-10T00:00:00Z,395.8205553
2020-08-11T00:00:00Z,380.3692768
2020-08-12T00:00:00Z,391.3123146
2020-08-13T00:00:00Z,429.9126724
2020-08-14T00:00:00Z,437.1478008
2020-08-15T00:00:00Z,433.2479971
2020-08-16T00:00:00Z,434.0357699
2020-08-17T00:00:00Z,430.0018583
2020-08-18T00:00:00Z,423.9345818
2020-08-19T00:00:00Z,406.6342445
2020-08-20T00:00:00Z,416.6491623
2020-08-21T00:00:00Z,388.6761278
2020-08-22T00:00:00Z,396.1058079
2020-08-23T00:00:00Z,391.7345241
2020-08-24T00:00:00Z,408.219087
2020-08-25T00:00:00Z,384.5176299
2020-08-26T00:00:00Z,386.533466
2020-08-27T00:00:00Z,382.4935962
2020-08-28T00:00:00Z,395.7072475
2020-08-29T00:00:00Z,400.2719349
2020-08-30T00:00:00Z,428.1048834
2020-08-31T00:00:00Z,435.5674769
2020-09-01T00:00:00Z,478.0868412
2020-09-02T00:00:00Z,440.439452
2020-09-03T00:00:00Z,386.3701137
2020-09-04T00:00:00Z,388.2411404
2020-09-05T00:00:00Z,335.2600791
2020-09-06T00:00:00Z,353.3622657
2020-09-07T00:00:00Z,352.6734948
2020-09-08T00:00:00Z,337.6021119
2020-09-09T00:00:00Z,351.1100165
2020-09-10T00:00:00Z,368.1019071
2020-09-11T00:00:00Z,374.6955888
2020-09-12T00:00:00Z,387.1831096
2020-09-13T00:00:00Z,365.570005
2020-09-14T00:00:00Z,377.2688751
2020-09-15T00:00:00Z,364.8392182
2020-09-16T00:00:00Z,365.8122913
2020-09-17T00:00:00Z,389.0192197
2020-09-18T00:00:00Z,384.364542
2020-09-19T00:00:00Z,385.5443836
2020-09-20T00:00:00Z,371.0528262
2020-09-21T00:00:00Z,341.7860741
2020-09-22T00:00:00Z,344.5031623
2020-09-23T00:00:00Z,320.5855443
2020-09-24T00:00:00Z,349.3566556
2020-09-25T00:00:00Z,352.161854
2020-09-26T00:00:00Z,354.9652682
2020-09-27T00:00:00Z,357.3217007
2020-09-28T00:00:00Z,354.9504929
2020-09-29T00:00:00Z,359.963421
2020-09-30T00:00:00Z,360.0223727
2020-10-01T00:00:00Z,353.2312937
2020-10-02T00:00:00Z,346.2388819
2020-10-03T00:00:00Z,346.5220857
2020-10-04T00:00:00Z,352.5724537
2020-10-05T00:00:00Z,353.9543289
2020-10-06T00:00:00Z,340.8156931
2020-10-07T00:00:00Z,341.8086689
2020-10-08T00:00:00Z,350.7661453
2020-10-09T00:00:00Z,365.5905106
2020-10-10T00:00:00Z,370.9675882
2020-10-11T00:00:00Z,375.1420491
2020-10-12T00:00:00Z,387.7312658
2020-10-13T00:00:00Z,381.1914421
2020-10-14T00:00:00Z,379.4841542
2020-10-15T00:00:00Z,377.4418457
2020-10-16T00:00:00Z,366.2290052
2020-10-17T00:00:00Z,368.8381424
2020-10-18T00:00:00Z,378.2161691
2020-10-19T00:00:00Z,379.9361749
2020-10-20T00:00:00Z,369.1373579
2020-10-21T00:00:00Z,392.1889917
2020-10-22T00:00:00Z,413.7737211
2020-10-23T00:00:00Z,409.3685097
2020-10-24T00:00:00Z,412.679101
2020-10-25T00:00:00Z,406.1567121
2020-10-26T00:00:00Z,393.6671236
2020-10-27T00:00:00Z,403.3738721
2020-10-28T00:00:00Z,388.9225635
2020-10-29T00:00:00Z,386.6965624
2020-10-30T00:00:00Z,383.4458515
2020-10-31T00:00:00Z,386.518518
2020-11-01T00:00:00Z,395.2129612
2020-11-02T00:00:00Z,384.0069524
2020-11-03T00:00:00Z,387.0629427
2020-11-04T00:00:00Z,401.7473951
2020-11-05T00:00:00Z,413.9922339
2020-11-06T00:00:00Z,454.4675624
2020-11-07T00:00:00Z,436.073255
2020-11-08T00:00:00Z,453.6422321
2020-11-09T00:00:00Z,444.6900765
2020-11-10T00:00:00Z,449.5767688
2020-11-11T00:00:00Z,462.4573394
2020-11-12T00:00:00Z,460.7509484
2020-11-13T00:00:00Z,474.5088782
2020-11-14T00:00:00Z,460.5441748
2020-11-15T00:00:00Z,447.8882894
2020-11-16T00:00:00Z,460.0364889
2020-11-17T00:00:00Z,481.0334404
2020-11-18T00:00:00Z,479.5908141
2020-11-19T00:00:00Z,471.2366886
2020-11-20T00:00:00Z,509.7577828
2020-11-21T00:00:00Z,549.9270825
2020-11-22T00:00:00Z,564.0637096
2020-11-23T00:00:00Z,607.3382603
2020-11-24T00:00:00Z,602.5804973
2020-11-25T00:00:00Z,572.1228287
2020-11-26T00:00:00Z,518.0328577
2020-11-27T00:00:00Z,516.5955284
2020-11-28T00:00:00Z,537.8343244
2020-11-29T00:00:00Z,574.2247052
2020-11-30T00:00:00Z,615.240539
2020-12-01T00:00:00Z,589.9957661
2020-12-02T00:00:00Z,598.5351308
2020-12-03T00:00:00Z,616.9076102
2020-12-04T00:00:00Z,571.5775472
2020-12-05T00:00:00Z,595.8699681
2020-12-06T00:00:00Z,601.9152601
2020-12-07T00:00:00Z,592.3523151
2020-12-08T00:00:00Z,554.7001187
2020-12-09T00:00:00Z,573.6882498
2020-12-10T00:00:00Z,560.7057654
2020-12-11T00:00:00Z,546.4147697
2020-12-12T00:00:00Z,568.192457
2020-12-13T00:00:00Z,589.9265838
2020-12-14T00:00:00Z,585.6040031
2020-12-15T00:00:00Z,589.3963285
2020-12-16T00:00:00Z,636.4592217
2020-12-17T00:00:00Z,644.2332298
2020-12-18T00:00:00Z,653.6123774
2020-12-19T00:00:00Z,659.1406455
2020-12-20T00:00:00Z,640.1531026
2020-12-21T00:00:00Z,611.244807
2020-12-22T00:00:00Z,634.176075
2020-12-23T00:00:00Z,587.0722731
2020-12-24T00:00:00Z,612.8246
2020-12-25T00:00:00Z,626.7206011
2020-12-26T00:00:00Z,635.8585943
2020-12-27T00:00:00Z,686.3050101
2020-12-28T00:00:00Z,731.9248296
2020-12-29T00:00:00Z,733.7369146
2020-12-30T00:00:00Z,752.3758808
2020-12-31T00:00:00Z,737.9222197
2021-01-01T00:00:00Z,730.0237908
2021-01-02T00:00:00Z,775.7522689
2021-01-03T00:00:00Z,988.2392342
2021-01-04T00:00:00Z,1042.803395
2021-01-05T00:00:00Z,1102.007777
2021-01-06T00:00:00Z,1203.068217
2021-01-07T00:00:00Z,1220.564905
2021-01-08T00:00:00Z,1218.548286
2021-01-09T00:00:00Z,1286.117638
2021-01-10T00:00:00Z,1266.832209
2021-01-11T00:00:00Z,1089.970095
2021-01-12T00:00:00Z,1042.168991
2021-01-13T00:00:00Z,1129.040629
2021-01-14T00:00:00Z,1219.560639
2021-01-15T00:00:00Z,1168.469015
2021-01-16T00:00:00Z,1234.793151
2021-01-17T00:00:00Z,1229.553345
2021-01-18T00:00:00Z,1257.405019
2021-01-19T00:00:00Z,1377.230381
2021-01-20T00:00:00Z,1383.364679
2021-01-21T00:00:00Z,1121.319511
2021-01-22T00:00:00Z,1236.291042
2021-01-23T00:00:00Z,1230.593367
2021-01-24T00:00:00Z,1392.035082
2021-01-25T00:00:00Z,1324.500991
2021-01-26T00:00:00Z,1354.411557
2021-01-27T00:00:00Z,1253.264044
2021-01-28T00:00:00Z,1333.443379
2021-01-29T00:00:00Z,1382.713004
2021-01-30T00:00:00Z,1375.712306
2021-01-31T00:00:00Z,1314.947665
2021-02-01T00:00:00Z,1368.226947
2021-02-02T00:00:00Z,1516.068852
2021-02-03T00:00:00Z,1660.64826
2021-02-04T00:00:00Z,1594.850254
2021-02-05T00:00:00Z,1717.685278
2021-02-06T00:00:00Z,1678.043157
2021-02-07T00:00:00Z,1614.018497
2021-02-08T00:00:00Z,1744.296045
2021-02-09T00:00:00Z,1765.741221
2021-02-10T00:00:00Z,1741.369938
2021-02-11T00:00:00Z,1783.349734
2021-02-12T00:00:00Z,1843.239335
2021-02-13T00:00:00Z,1813.646848
2021-02-14T00:00:00Z,1808.146514
2021-02-15T00:00:00Z,1777.903916
2021-02-16T00:00:00Z,1781.023965
2021-02-17T00:00:00Z,1842.216243
2021-02-18T00:00:00Z,1937.256692
2021-02-19T00:00:00Z,1961.389683
2021-02-20T00:00:00Z,1920.968792
2021-02-21T00:00:00Z,1937.466144
2021-02-22T00:00:00Z,1777.941573
2021-02-23T00:00:00Z,1558.862786
2021-02-24T00:00:00Z,1620.519865
2021-02-25T00:00:00Z,1468.773726
2021-02-26T00:00:00Z,1440.68565
2021-02-27T00:00:00Z,1467.380279
2021-02-28T00:00:00Z,1413.902957
2021-03-01T00:00:00Z,1567.694556
2021-03-02T00:00:00Z,1491.55522
2021-03-03T00:00:00Z,1578.961459
2021-03-04T00:00:00Z,1541.315233
2021-03-05T00:00:00Z,1533.01798
2021-03-06T00:00:00Z,1658.097654
2021-03-07T00:00:00Z,1729.829433
2021-03-08T00:00:00Z,1834.628677
2021-03-09T00:00:00Z,1865.282108
2021-03-10T00:00:00Z,1802.507594
2021-03-11T00:00:00Z,1823.834377
2021-03-12T00:00:00Z,1767.967414
2021-03-13T00:00:00Z,1923.719014
2021-03-14T00:00:00Z,1865.030497
2021-03-15T00:00:00Z,1788.759362
2021-03-16T00:00:00Z,1794.610556
2021-03-17T00:00:00Z,1820.049107
2021-03-18T00:00:00Z,1782.513248
2021-03-19T00:00:00Z,1815.845355
2021-03-20T00:00:00Z,1816.341951
2021-03-21T00:00:00Z,1787.793841
2021-03-22T00:00:00Z,1692.567525
2021-03-23T00:00:00Z,1682.11237
2021-03-24T00:00:00Z,1593.413457
2021-03-25T00:00:00Z,1595.359192
2021-03-26T00:00:00Z,1702.84202
2021-03-27T00:00:00Z,1718.651339
2021-03-28T00:00:00Z,1692.129796
2021-03-29T00:00:00Z,1821.625948
2021-03-30T00:00:00Z,1846.968568
2021-03-31T00:00:00Z,1917.811404
2021-04-01T00:00:00Z,1978.705126
2021-04-02T00:00:00Z,2141.942384
2021-04-03T00:00:00Z,2030.510947
2021-04-04T00:00:00Z,2093.427665
2021-04-05T00:00:00Z,2103.047832
2021-04-06T00:00:00Z,2121.295908
2021-04-07T00:00:00Z,1977.176218
2021-04-08T00:00:00Z,2089.484752
2021-04-09T00:00:00Z,2072.108876
2021-04-10T00:00:00Z,2135.942201
2021-04-11T00:00:00Z,2157.575172
2021-04-12T00:00:00Z,2142.890455
2021-04-13T00:00:00Z,2302.334457
2021-04-14T00:00:00Z,2428.981622
2021-04-15T00:00:00Z,2517.516725
2021-04-16T00:00:00Z,2431.926778
2021-04-17T00:00:00Z,2353.859995
2021-04-18T00:00:00Z,2231.965018
2021-04-19T00:00:00Z,2160.856607
2021-04-20T00:00:00Z,2326.845242
2021-04-21T00:00:00Z,2358.584976
2021-04-22T00:00:00Z,2410.002403
2021-04-23T00:00:00Z,2363.381749
2021-04-24T00:00:00Z,2209.454689
2021-04-25T00:00:00Z,2313.70693
2021-04-26T00:00:00Z,2536.337402
2021-04-27T00:00:00Z,2660.642555
2021-04-28T00:00:00Z,2745.440202
2021-04-29T00:00:00Z,2756.198034
2021-04-30T00:00:00Z,2772.800989
2021-05-01T00:00:00Z,2944.88032
2021-05-02T00:00:00Z,2952.509999
2021-05-03T00:00:00Z,3431.08614
2021-05-04T00:00:00Z,3253.62947
2021-05-05T00:00:00Z,3522.78319
2021-05-06T00:00:00Z,3495.317281
2021-05-07T00:00:00Z,3487.489826
2021-05-08T00:00:00Z,3903.095492
2021-05-09T00:00:00Z,3932.359246
2021-05-10T00:00:00Z,3954.032924
2021-05-11T00:00:00Z,4172.762068
2021-05-12T00:00:00Z,3824.914015
2021-05-13T00:00:00Z,3720.355828
2021-05-14T00:00:00Z,4073.193628
2021-05-15T00:00:00Z,3651.849879
2021-05-16T00:00:00Z,3582.328055
2021-05-17T00:00:00Z,3266.303718
2021-05-18T00:00:00Z,3387.144737
2021-05-19T00:00:00Z,2478.940032
2021-05-20T00:00:00Z,2762.411407
2021-05-21T00:00:00Z,2420.795551
2021-05-22T00:00:00Z,2304.895768
2021-05-23T00:00:00Z,2116.929035
2021-05-24T00:00:00Z,2637.303772
2021-05-25T00:00:00Z,2685.664154
2021-05-26T00:00:00Z,2874.237881
2021-05-27T00:00:00Z,2746.627296
2021-05-28T00:00:00Z,2423.025798
2021-05-29T00:00:00Z,2280.496834
2021-05-30T00:00:00Z,2388.539443
2021-05-31T00:00:00Z,2707.951956
2021-06-01T00:00:00Z,2627.406745
2021-06-02T00:00:00Z,2716.827328
2021-06-03T00:00:00Z,2856.510622
2021-06-04T00:00:00Z,2693.339725
2021-06-05T00:00:00Z,2624.737066
2021-06-06T00:00:00Z,2710.142888
2021-06-07T00:00:00Z,2591.995475
2021-06-08T00:00:00Z,2516.798971
2021-06-09T00:00:00Z,2606.671122
2021-06-10T00:00:00Z,2472.075768
2021-06-11T00:00:00Z,2351.55212
2021-06-12T00:00:00Z,2373.928483
2021-06-13T00:00:00Z,2507.408018
2021-06-14T00:00:00Z,2581.267049
2021-06-15T00:00:00Z,2550.300254
2021-06-16T00:00:00Z,2362.016303
2021-06-17T00:00:00Z,2375.149373
2021-06-18T00:00:00Z,2228.825856
2021-06-19T00:00:00Z,2181.335161
2021-06-20T00:00:00Z,2245.308792
2021-06-21T00:00:00Z,1888.969524
2021-06-22T00:00:00Z,1874.584405
2021-06-23T00:00:00Z,1969.365313
2021-06-24T00:00:00Z,1986.410295
2021-06-25T00:00:00Z,1815.855285
2021-06-26T00:00:00Z,1816.24284
2021-06-27T00:00:00Z,1976.316067
2021-06-28T00:00:00Z,2078.121233
2021-06-29T00:00:00Z,2162.882343
2021-06-30T00:00:00Z,2271.505915
2021-07-01T00:00:00Z,2112.222898
2021-07-02T00:00:00Z,2150.66917
2021-07-03T00:00:00Z,2227.456139
2021-07-04T00:00:00Z,2322.00722
2021-07-05T00:00:00Z,2202.872527
2021-07-06T00:00:00Z,2321.501213
2021-07-07T00:00:00Z,2312.346676
2021-07-08T00:00:00Z,2120.81789
2021-07-09T00:00:00Z,2152.17706
2021-07-10T00:00:00Z,2110.621774
2021-07-11T00:00:00Z,2139.911543
2021-07-12T00:00:00Z,2037.722571
2021-07-13T00:00:00Z,1936.349036
2021-07-14T00:00:00Z,1993.02224
2021-07-15T00:00:00Z,1905.268812
2021-07-16T00:00:00Z,1881.194879
2021-07-17T00:00:00Z,1899.612042
2021-07-18T00:00:00Z,1898.410235
2021-07-19T00:00:00Z,1818.942754
2021-07-20T00:00:00Z,1789.00881
2021-07-21T00:00:00Z,1989.645188
2021-07-22T00:00:00Z,2023.440255
2021-07-23T00:00:00Z,2126.240798
2021-07-24T00:00:00Z,2188.738383
2021-07-25T00:00:00Z,2193.845856
2021-07-26T00:00:00Z,2239.618058
2021-07-27T00:00:00Z,2292.775352
2021-07-28T00:00:00Z,2299.364201
2021-07-29T00:00:00Z,2382.520822
2021-07-30T00:00:00Z,2465.754724
2021-07-31T00:00:00Z,2539.968174
2021-08-01T00:00:00Z,2571.616889
2021-08-02T00:00:00Z,2608.82601
2021-08-03T00:00:00Z,2507.500979
2021-08-04T00:00:00Z,2727.122783
2021-08-05T00:00:00Z,2824.751632
2021-08-06T00:00:00Z,2891.409969
2021-08-07T00:00:00Z,3167.590538
2021-08-08T00:00:00Z,3012.419414
2021-08-09T00:00:00Z,3162.250524
2021-08-10T00:00:00Z,3143.079162
2021-08-11T00:00:00Z,3164.245046
2021-08-12T00:00:00Z,3043.41434
2021-08-13T00:00:00Z,3324.172744
2021-08-14T00:00:00Z,3265.443357
2021-08-15T00:00:00Z,3309.153136
2021-08-16T00:00:00Z,3156.509427
2021-08-17T00:00:00Z,3014.846039
2021-08-18T00:00:00Z,3020.08992
2021-08-19T00:00:00Z,3182.702225
2021-08-20T00:00:00Z,3286.935326
2021-08-21T00:00:00Z,3226.083937
2021-08-22T00:00:00Z,3242.115557
2021-08-23T00:00:00Z,3319.257274
2021-08-24T00:00:00Z,3174.497106
2021-08-25T00:00:00Z,3223.941656
2021-08-26T00:00:00Z,3102.062906
2021-08-27T00:00:00Z,3265.590216
2021-08-28T00:00:00Z,3243.09144
2021-08-29T00:00:00Z,3232.684457
2021-08-30T00:00:00Z,3236.705129
2021-08-31T00:00:00Z,3440.253672
2021-09-01T00:00:00Z,3799.940179
2021-09-02T00:00:00Z,3792.519107
2021-09-03T00:00:00Z,3934.45596
2021-09-04T00:00:00Z,3887.178098
2021-09-05T00:00:00Z,3953.971619
2021-09-06T00:00:00Z,3929.23608
2021-09-07T00:00:00Z,3423.55244
2021-09-08T00:00:00Z,3490.893336
2021-09-09T00:00:00Z,3428.141046
2021-09-10T00:00:00Z,3212.09964
2021-09-11T00:00:00Z,3266.273666
2021-09-12T00:00:00Z,3410.418612
2021-09-13T00:00:00Z,3289.677335
2021-09-14T00:00:00Z,3420.800691
2021-09-15T00:00:00Z,3597.030116
2021-09-16T00:00:00Z,3569.651726
2021-09-17T00:00:00Z,3392.006131
2021-09-18T00:00:00Z,3429.415159
2021-09-19T00:00:00Z,3328.422715
2021-09-20T00:00:00Z,2966.306153
2021-09-21T00:00:00Z,2757.157929
2021-09-22T00:00:00Z,3077.1955
2021-09-23T00:00:00Z,3155.38174
2021-09-24T00:00:00Z,2927.580371
2021-09-25T00:00:00Z,2933.227297
2021-09-26T00:00:00Z,3063.207445
2021-09-27T00:00:00Z,2933.235715
2021-09-28T00:00:00Z,2805.173726
2021-09-29T00:00:00Z,2849.1562
2021-09-30T00:00:00Z,3000.702096
2021-10-01T00:00:00Z,3307.477604
2021-10-02T00:00:00Z,3394.189043
2021-10-03T00:00:00Z,3421.4419
2021-10-04T00:00:00Z,3377.709193
2021-10-05T00:00:00Z,3519.678206
2021-10-06T00:00:00Z,3586.889881
2021-10-07T00:00:00Z,3585.612589
2021-10-08T00:00:00Z,3555.358765
2021-10-09T00:00:00Z,3580.599894
2021-10-10T00:00:00Z,3421.02013
2021-10-11T00:00:00Z,3541.641077
2021-10-12T00:00:00Z,3487.799522
2021-10-13T00:00:00Z,3596.192422
2021-10-14T00:00:00Z,3788.033294
2021-10-15T00:00:00Z,3866.053517
2021-10-16T00:00:00Z,3833.316164
2021-10-17T00:00:00Z,3856.261909
2021-10-18T00:00:00Z,3744.626616
2021-10-19T00:00:00Z,3875.596037
2021-10-20T00:00:00Z,4160.578999
2021-10-21T00:00:00Z,4069.430808
2021-10-22T00:00:00Z,3971.553733
2021-10-23T00:00:00Z,4168.869471
2021-10-24T00:00:00Z,4081.629436
2021-10-25T00:00:00Z,4213.815958
2021-10-26T00:00:00Z,4139.421366
2021-10-27T00:00:00Z,3942.407606
2021-10-28T00:00:00Z,4284.692206
2021-10-29T00:00:00Z,4414.009381
2021-10-30T00:00:00Z,4319.336676
2021-10-31T00:00:00Z,4291.094969
2021-11-01T00:00:00Z,4328.097782
2021-11-02T00:00:00Z,4588.423972
2021-11-03T00:00:00Z,4607.299418
2021-11-04T00:00:00Z,4537.582454
2021-11-05T00:00:00Z,4487.278236
2021-11-06T00:00:00Z,4516.127207
2021-11-07T00:00:00Z,4617.664953
2021-11-08T00:00:00Z,4819.010984
2021-11-09T00:00:00Z,4733.054904
2021-11-10T00:00:00Z,4628.705789
2021-11-11T00:00:00Z,4720.860496
2021-11-12T00:00:00Z,4669.534337
2021-11-13T00:00:00Z,4649.320677
2021-11-14T00:00:00Z,4627.828493
2021-11-15T00:00:00Z,4568.845712
2021-11-16T00:00:00Z,4229.623903
2021-11-17T00:00:00Z,4288.186729
2021-11-18T00:00:00Z,3991.283876
2021-11-19T00:00:00Z,4296.906768
2021-11-20T00:00:00Z,4416.613289
2021-11-21T00:00:00Z,4258.781202
2021-11-22T00:00:00Z,4091.835264
2021-11-23T00:00:00Z,4341.073456
2021-11-24T00:00:00Z,4274.496103
2021-11-25T00:00:00Z,4519.464024
2021-11-26T00:00:00Z,4042.708127
2021-11-27T00:00:00Z,4073.996702
2021-11-28T00:00:00Z,4296.86438
2021-11-29T00:00:00Z,4444.01057
2021-11-30T00:00:00Z,4627.363723
2021-12-01T00:00:00Z,4583.726496
2021-12-02T00:00:00Z,4509.01449
2021-12-03T00:00:00Z,4242.726324
2021-12-04T00:00:00Z,4089.908483
2021-12-05T00:00:00Z,4182.670646
2021-12-06T00:00:00Z,4347.756669
2021-12-07T00:00:00Z,4302.704246
2021-12-08T00:00:00Z,4438.092782
2021-12-09T00:00:00Z,4149.774361
2021-12-10T00:00:00Z,3909.808637
2021-12-11T00:00:00Z,4086.544292
2021-12-12T00:00:00Z,4136.47617
2021-12-13T00:00:00Z,3787.352803
2021-12-14T00:00:00Z,3864.132643
2021-12-15T00:00:00Z,4012.925336
2021-12-16T00:00:00Z,3964.491038
2021-12-17T00:00:00Z,3888.599414
2021-12-18T00:00:00Z,3968.199648
2021-12-19T00:00:00Z,3925.346528
2021-12-20T00:00:00Z,3928.268255
2021-12-21T00:00:00Z,4022.520591
2021-12-22T00:00:00Z,3983.05483
2021-12-23T00:00:00Z,4107.77624
2021-12-24T00:00:00Z,4050.147468
2021-12-25T00:00:00Z,4108.359166
2021-12-26T00:00:00Z,4073.410726
2021-12-27T00:00:00Z,4033.672175
2021-12-28T00:00:00Z,3802.981825
2021-12-29T00:00:00Z,3624.883353
2021-12-30T00:00:00Z,3714.642131
2021-12-31T00:00:00Z,3683.857867
2022-01-01T00:00:00Z,3766.538477
2022-01-02T00:00:00Z,3829.671468
2022-01-03T00:00:00Z,3761.215209
2022-01-04T00:00:00Z,3795.79979
2022-01-05T00:00:00Z,3552.291524
2022-01-06T00:00:00Z,3418.040289
2022-01-07T00:00:00Z,3193.607955
2022-01-08T00:00:00Z,3093.079964
2022-01-09T00:00:00Z,3157.90169
2022-01-10T00:00:00Z,3082.92921
2022-01-11T00:00:00Z,3236.814592
2022-01-12T00:00:00Z,3373.840602
2022-01-13T00:00:00Z,3254.057226
2022-01-14T00:00:00Z,3311.312008
2022-01-15T00:00:00Z,3330.381865
2022-01-16T00:00:00Z,3351.623585
2022-01-17T00:00:00Z,3211.186616
2022-01-18T00:00:00Z,3164.269074
2022-01-19T00:00:00Z,3095.153834
2022-01-20T00:00:00Z,3005.990932
2022-01-21T00:00:00Z,2552.596762
2022-01-22T00:00:00Z,2404.481618
2022-01-23T00:00:00Z,2534.787368
2022-01-24T00:00:00Z,2440.41378
2022-01-25T00:00:00Z,2455.416118
2022-01-26T00:00:00Z,2467.883823
2022-01-27T00:00:00Z,2424.217039
2022-01-28T00:00:00Z,2547.408735
2022-01-29T00:00:00Z,2596.960156
2022-01-30T00:00:00Z,2605.818172
2022-01-31T00:00:00Z,2686.257504
2022-02-01T00:00:00Z,2796.022171
2022-02-02T00:00:00Z,2679.726525
2022-02-03T00:00:00Z,2665.908806
2022-02-04T00:00:00Z,2981.707133
2022-02-05T00:00:00Z,3012.300806
2022-02-06T00:00:00Z,3057.371153
2022-02-07T00:00:00Z,3148.849231
2022-02-08T00:00:00Z,3121.946821
2022-02-09T00:00:00Z,3239.052733
2022-02-10T00:00:00Z,3076.516296
2022-02-11T00:00:00Z,2927.257259
2022-02-12T00:00:00Z,2912.011523
2022-02-13T00:00:00Z,2886.723408
2022-02-14T00:00:00Z,2933.728844
2022-02-15T00:00:00Z,3180.685479
2022-02-16T00:00:00Z,3130.570186
2022-02-17T00:00:00Z,2879.757921
2022-02-18T00:00:00Z,2786.137313
2022-02-19T00:00:00Z,2763.951067
2022-02-20T00:00:00Z,2630.56004
2022-02-21T00:00:00Z,2568.254454
2022-02-22T00:00:00Z,2641.020147
2022-02-23T00:00:00Z,2592.799182
2022-02-24T00:00:00Z,2596.60261
2022-02-25T00:00:00Z,2763.496434
2022-02-26T00:00:00Z,2777.07022
2022-02-27T00:00:00Z,2623.721356
2022-02-28T00:00:00Z,2917.624792
2022-03-01T00:00:00Z,2972.560096
2022-03-02T00:00:00Z,2951.269804
2022-03-03T00:00:00Z,2835.727692
2022-03-04T00:00:00Z,2616.948787
2022-03-05T00:00:00Z,2665.405211
2022-03-06T00:00:00Z,2556.793882
2022-03-07T00:00:00Z,2495.590308
2022-03-08T00:00:00Z,2576.252524
2022-03-09T00:00:00Z,2728.941569
2022-03-10T00:00:00Z,2609.138569
2022-03-11T00:00:00Z,2560.706746
2022-03-12T00:00:00Z,2576.871942
2022-03-13T00:00:00Z,2518.304292
2022-03-14T00:00:00Z,2588.363608
2022-03-15T00:00:00Z,2618.790695
2022-03-16T00:00:00Z,2771.650187
2022-03-17T00:00:00Z,2814.776657
2022-03-18T00:00:00Z,2946.242226
2022-03-19T00:00:00Z,2946.208443
2022-03-20T00:00:00Z,2859.935193
2022-03-21T00:00:00Z,2898.275516
2022-03-22T00:00:00Z,2972.719071
2022-03-23T00:00:00Z,3030.476125
2022-03-24T00:00:00Z,3108.019975
2022-03-25T00:00:00Z,3108.087222
2022-03-26T00:00:00Z,3143.311009
2022-03-27T00:00:00Z,3290.328294
2022-03-28T00:00:00Z,3332.115255
2022-03-29T00:00:00Z,3402.901174
2022-03-30T00:00:00Z,3388.603787
2022-03-31T00:00:00Z,3283.631743
2022-04-01T00:00:00Z,3446.011245
2022-04-02T00:00:00Z,3445.311922
2022-04-03T00:00:00Z,3520.806063
2022-04-04T00:00:00Z,3520.516645
2022-04-05T00:00:00Z,3415.630701
2022-04-06T00:00:00Z,3172.99993
2022-04-07T00:00:00Z,3235.238213
2022-04-08T00:00:00Z,3191.145224
2022-04-09T00:00:00Z,3261.317539
2022-04-10T00:00:00Z,3217.902522
2022-04-11T00:00:00Z,2981.078727
2022-04-12T00:00:00Z,3032.669494
2022-04-13T00:00:00Z,3116.818264
2022-04-14T00:00:00Z,3019.198508
2022-04-15T00:00:00Z,3040.338525
2022-04-16T00:00:00Z,3062.328477
2022-04-17T00:00:00Z,2994.27869
2022-04-18T00:00:00Z,3058.446507
2022-04-19T00:00:00Z,3104.510199
2022-04-20T00:00:00Z,3077.703959
2022-04-21T00:00:00Z,2988.209252
2022-04-22T00:00:00Z,2965.982019
2022-04-23T00:00:00Z,2938.077671
2022-04-24T00:00:00Z,2922.567089
2022-04-25T00:00:00Z,3012.23455
2022-04-26T00:00:00Z,2802.957554
2022-04-27T00:00:00Z,2887.672514
2022-04-28T00:00:00Z,2934.246019
2022-04-29T00:00:00Z,2813.813012
2022-04-30T00:00:00Z,2734.936189
2022-05-01T00:00:00Z,2829.252421
2022-05-02T00:00:00Z,2857.383292
2022-05-03T00:00:00Z,2782.850636
2022-05-04T00:00:00Z,2940.716609
2022-05-05T00:00:00Z,2750.091768
2022-05-06T00:00:00Z,2697.22968
2022-05-07T00:00:00Z,2640.12477
2022-05-08T00:00:00Z,2512.727358
2022-05-09T00:00:00Z,2253.07795
2022-05-10T00:00:00Z,2341.004007
2022-05-11T00:00:00Z,2073.891354
2022-05-12T00:00:00Z,1966.429782
2022-05-13T00:00:00Z,2010.847802
2022-05-14T00:00:00Z,2056.634888
2022-05-15T00:00:00Z,2147.194428
2022-05-16T00:00:00Z,2023.434158
2022-05-17T00:00:00Z,2091.865088
2022-05-18T00:00:00Z,1919.186754
2022-05-19T00:00:00Z,2020.250794
2022-05-20T00:00:00Z,1961.581268
2022-05-21T00:00:00Z,1974.426783
2022-05-22T00:00:00Z,2043.802559
2022-05-23T00:00:00Z,1972.831925
2022-05-24T00:00:00Z,1978.874383
2022-05-25T00:00:00Z,1944.887794
2022-05-26T00:00:00Z,1809.691704
2022-05-27T00:00:00Z,1723.974274
2022-05-28T00:00:00Z,1793.101198
2022-05-29T00:00:00Z,1810.789675
2022-05-30T00:00:00Z,1993.235623
2022-05-31T00:00:00Z,1948.293865
2022-06-01T00:00:00Z,1825.115668
2022-06-02T00:00:00Z,1834.328612
2022-06-03T00:00:00Z,1775.873628
2022-06-04T00:00:00Z,1800.865488
2022-06-05T00:00:00Z,1805.235716
2022-06-06T00:00:00Z,1858.957658
2022-06-07T00:00:00Z,1815.100719
2022-06-08T00:00:00Z,1793.741187
2022-06-09T00:00:00Z,1789.799328
2022-06-10T00:00:00Z,1664.962686
2022-06-11T00:00:00Z,1529.782347
2022-06-12T00:00:00Z,1448.114511
2022-06-13T00:00:00Z,1202.170297
2022-06-14T00:00:00Z,1212.269176
2022-06-15T00:00:00Z,1229.725752
2022-06-16T00:00:00Z,1067.797089
2022-06-17T00:00:00Z,1087.060802
2022-06-18T00:00:00Z,993.8446399
2022-06-19T00:00:00Z,1126.475029
2022-06-20T00:00:00Z,1129.769154
2022-06-21T00:00:00Z,1125.735928
2022-06-22T00:00:00Z,1052.026415
2022-06-23T00:00:00Z,1143.268796
2022-06-24T00:00:00Z,1230.977399
2022-06-25T00:00:00Z,1242.820172
2022-06-26T00:00:00Z,1201.584436
2022-06-27T00:00:00Z,1194.044897
2022-06-28T00:00:00Z,1143.829696
2022-06-29T00:00:00Z,1097.605976
2022-06-30T00:00:00Z,1062.929739
2022-07-01T00:00:00Z,1063.400606
2022-07-02T00:00:00Z,1066.72032
2022-07-03T00:00:00Z,1074.345606
2022-07-04T00:00:00Z,1152.943815
2022-07-05T00:00:00Z,1134.803047
2022-07-06T00:00:00Z,1188.513841
2022-07-07T00:00:00Z,1238.822284
2022-07-08T00:00:00Z,1233.172253
2022-07-09T00:00:00Z,1216.700542
2022-07-10T00:00:00Z,1168.761089
2022-07-11T00:00:00Z,1097.716125
2022-07-12T00:00:00Z,1039.504835
2022-07-13T00:00:00Z,1112.887631
2022-07-14T00:00:00Z,1191.490805
2022-07-15T00:00:00Z,1233.474919
2022-07-16T00:00:00Z,1354.160137
2022-07-17T00:00:00Z,1347.981108
2022-07-18T00:00:00Z,1567.85278
2022-07-19T00:00:00Z,1541.396057
2022-07-20T00:00:00Z,1527.685716
2022-07-21T00:00:00Z,1575.597964
2022-07-22T00:00:00Z,1535.010156
2022-07-23T00:00:00Z,1548.819283
2022-07-24T00:00:00Z,1601.834718
2022-07-25T00:00:00Z,1449.592397
2022-07-26T00:00:00Z,1435.011142
2022-07-27T00:00:00Z,1634.063183
2022-07-28T00:00:00Z,1723.678411
2022-07-29T00:00:00Z,1739.936906
2022-07-30T00:00:00Z,1695.663888
2022-07-31T00:00:00Z,1681.381851
2022-08-01T00:00:00Z,1634.785492
2022-08-02T00:00:00Z,1635.821405
2022-08-03T00:00:00Z,1619.289032
2022-08-04T00:00:00Z,1608.728709
2022-08-05T00:00:00Z,1725.349459
2022-08-06T00:00:00Z,1692.550284
2022-08-07T00:00:00Z,1699.050307
2022-08-08T00:00:00Z,1774.155096
2022-08-09T00:00:00Z,1703.360263
2022-08-10T00:00:00Z,1851.174417
2022-08-11T00:00:00Z,1881.179288
2022-08-12T00:00:00Z,1957.552984
2022-08-13T00:00:00Z,1981.86425
2022-08-14T00:00:00Z,1937.692755
2022-08-15T00:00:00Z,1905.639298
2022-08-16T00:00:00Z,1878.624873
2022-08-17T00:00:00Z,1831.401248
2022-08-18T00:00:00Z,1847.449328
2022-08-19T00:00:00Z,1612.745982
2022-08-20T00:00:00Z,1577.206485
2022-08-21T00:00:00Z,1619.539763
2022-08-22T00:00:00Z,1619.601882
2022-08-23T00:00:00Z,1661.863561
2022-08-24T00:00:00Z,1657.728842
2022-08-25T00:00:00Z,1696.755388
2022-08-26T00:00:00Z,1503.51494
2022-08-27T00:00:00Z,1494.204406
2022-08-28T00:00:00Z,1435.955215
2022-08-29T00:00:00Z,1552.07687
2022-08-30T00:00:00Z,1523.581916
2022-08-31T00:00:00Z,1552.824706
2022-09-01T00:00:00Z,1586.385658
2022-09-02T00:00:00Z,1574.879186
2022-09-03T00:00:00Z,1555.361929
2022-09-04T00:00:00Z,1576.555523
2022-09-05T00:00:00Z,1620.925139
2022-09-06T00:00:00Z,1562.841628
2022-09-07T00:00:00Z,1631.50026
2022-09-08T00:00:00Z,1635.491054
2022-09-09T00:00:00Z,1717.627258
2022-09-10T00:00:00Z,1776.240385
2022-09-11T00:00:00Z,1761.843913
2022-09-12T00:00:00Z,1708.097051
2022-09-13T00:00:00Z,1577.028078
2022-09-14T00:00:00Z,1633.189369
2022-09-15T00:00:00Z,1473.960687
2022-09-16T00:00:00Z,1431.070203
2022-09-17T00:00:00Z,1470.473816
2022-09-18T00:00:00Z,1335.367305
2022-09-19T00:00:00Z,1380.273567
2022-09-20T00:00:00Z,1323.827905
2022-09-21T00:00:00Z,1250.707623
2022-09-22T00:00:00Z,1328.799582
2022-09-23T00:00:00Z,1330.770316
2022-09-24T00:00:00Z,1318.137516
2022-09-25T00:00:00Z,1294.082971
2022-09-26T00:00:00Z,1333.477371
2022-09-27T00:00:00Z,1331.183807
2022-09-28T00:00:00Z,1337.566646
2022-09-29T00:00:00Z,1335.544932
2022-09-30T00:00:00Z,1328.372962
2022-10-01T00:00:00Z,1311.488729
2022-10-02T00:00:00Z,1276.776093
2022-10-03T00:00:00Z,1323.642108
2022-10-04T00:00:00Z,1362.364017
2022-10-05T00:00:00Z,1353.297366
2022-10-06T00:00:00Z,1351.53705
2022-10-07T00:00:00Z,1332.495799
2022-10-08T00:00:00Z,1315.437855
2022-10-09T00:00:00Z,1322.329797
2022-10-10T00:00:00Z,1291.463267
2022-10-11T00:00:00Z,1279.209939
2022-10-12T00:00:00Z,1294.85268
2022-10-13T00:00:00Z,1288.372516
2022-10-14T00:00:00Z,1297.800413
2022-10-15T00:00:00Z,1275.166679
2022-10-16T00:00:00Z,1306.545986
2022-10-17T00:00:00Z,1332.3347
2022-10-18T00:00:00Z,1310.772564
2022-10-19T00:00:00Z,1285.035863
2022-10-20T00:00:00Z,1282.904542
2022-10-21T00:00:00Z,1299.878141
2022-10-22T00:00:00Z,1314.22687
2022-10-23T00:00:00Z,1363.784304
2022-10-24T00:00:00Z,1344.78066
2022-10-25T00:00:00Z,1462.111287
2022-10-26T00:00:00Z,1568.199941
2022-10-27T00:00:00Z,1515.323172
2022-10-28T00:00:00Z,1555.88969
2022-10-29T00:00:00Z,1619.901252
2022-10-30T00:00:00Z,1590.289639
2022-10-31T00:00:00Z,1573.594045
2022-11-01T00:00:00Z,1579.374647
2022-11-02T00:00:00Z,1520.425593
2022-11-03T00:00:00Z,1530.766197
2022-11-04T00:00:00Z,1645.015839
2022-11-05T00:00:00Z,1627.657261
2022-11-06T00:00:00Z,1574.296632
2022-11-07T00:00:00Z,1568.413431
2022-11-08T00:00:00Z,1332.66414
2022-11-09T00:00:00Z,1099.796721
2022-11-10T00:00:00Z,1298.414673
2022-11-11T00:00:00Z,1287.548319
2022-11-12T00:00:00Z,1254.034276
2022-11-13T00:00:00Z,1221.852771
2022-11-14T00:00:00Z,1242.423066
2022-11-15T00:00:00Z,1250.537757
2022-11-16T00:00:00Z,1215.412257
2022-11-17T00:00:00Z,1200.586897
2022-11-18T00:00:00Z,1212.37402
2022-11-19T00:00:00Z,1219.000511
2022-11-20T00:00:00Z,1142.231354
2022-11-21T00:00:00Z,1109.259909
2022-11-22T00:00:00Z,1134.220199
2022-11-23T00:00:00Z,1183.798705
2022-11-24T00:00:00Z,1203.046866
2022-11-25T00:00:00Z,1199.428008
2022-11-26T00:00:00Z,1206.328056
2022-11-27T00:00:00Z,1197.031875
2022-11-28T00:00:00Z,1170.18889
2022-11-29T00:00:00Z,1217.115304
2022-11-30T00:00:00Z,1296.484045
2022-12-01T00:00:00Z,1276.119383
2022-12-02T00:00:00Z,1292.896492
2022-12-03T00:00:00Z,1243.381354
2022-12-04T00:00:00Z,1280.930238
2022-12-05T00:00:00Z,1259.564871
2022-12-06T00:00:00Z,1271.630709
2022-12-07T00:00:00Z,1233.044842
2022-12-08T00:00:00Z,1281.679235
2022-12-09T00:00:00Z,1264.034439
2022-12-10T00:00:00Z,1265.643152
2022-12-11T00:00:00Z,1263.817437
2022-12-12T00:00:00Z,1275.285484
2022-12-13T00:00:00Z,1320.32276
2022-12-14T00:00:00Z,1309.605164
2022-12-15T00:00:00Z,1265.87773
2022-12-16T00:00:00Z,1166.270889
2022-12-17T00:00:00Z,1189.008983
2022-12-18T00:00:00Z,1187.255083
2022-12-19T00:00:00Z,1168.30661
2022-12-20T00:00:00Z,1217.545012
2022-12-21T00:00:00Z,1212.731562
2022-12-22T00:00:00Z,1218.228131
2022-12-23T00:00:00Z,1219.80044
2022-12-24T00:00:00Z,1221.443812
2022-12-25T00:00:00Z,1218.354936
2022-12-26T00:00:00Z,1225.006622
2022-12-27T00:00:00Z,1212.386882
2022-12-28T00:00:00Z,1188.926377
2022-12-29T00:00:00Z,1201.327581
2022-12-30T00:00:00Z,1199.320253
2022-12-31T00:00:00Z,1196.931017
2023-01-01T00:00:00Z,1200.537021
2023-01-02T00:00:00Z,1214.813037
2023-01-03T00:00:00Z,1214.871116
2023-01-04T00:00:00Z,1256.037816
2023-01-05T00:00:00Z,1251.010537
2023-01-06T00:00:00Z,1270.136457
2023-01-07T00:00:00Z,1264.041274
2023-01-08T00:00:00Z,1284.241384
2023-01-09T00:00:00Z,1320.906413
2023-01-10T00:00:00Z,1336.227022
2023-01-11T00:00:00Z,1387.010018
2023-01-12T00:00:00Z,1417.75878
2023-01-13T00:00:00Z,1449.816636
2023-01-14T00:00:00Z,1552.869016
2023-01-15T00:00:00Z,1551.883974
2023-01-16T00:00:00Z,1578.040697
2023-01-17T00:00:00Z,1570.007098
2023-01-18T00:00:00Z,1520.312072
2023-01-19T00:00:00Z,1550.436181
2023-01-20T00:00:00Z,1659.885792
2023-01-21T00:00:00Z,1628.058397
2023-01-22T00:00:00Z,1628.543218
2023-01-23T00:00:00Z,1628.868811
2023-01-24T00:00:00Z,1555.425259
2023-01-25T00:00:00Z,1612.575419
2023-01-26T00:00:00Z,1602.309664
2023-01-27T00:00:00Z,1598.219234
2023-01-28T00:00:00Z,1570.234056
2023-01-29T00:00:00Z,1645.506827
2023-01-30T00:00:00Z,1566.498808
2023-01-31T00:00:00Z,1586.057154
2023-02-01T00:00:00Z,1640.293893
2023-02-02T00:00:00Z,1645.87814
2023-02-03T00:00:00Z,1665.183875
2023-02-04T00:00:00Z,1665.60763
2023-02-05T00:00:00Z,1632.524156
2023-02-06T00:00:00Z,1616.919637
2023-02-07T00:00:00Z,1673.321894
2023-02-08T00:00:00Z,1651.455065
2023-02-09T00:00:00Z,1546.313801
2023-02-10T00:00:00Z,1515.061009
2023-02-11T00:00:00Z,1540.002521
2023-02-12T00:00:00Z,1513.010171
2023-02-13T00:00:00Z,1507.338538
2023-02-14T00:00:00Z,1557.453514
2023-02-15T00:00:00Z,1673.78408
2023-02-16T00:00:00Z,1639.896735
2023-02-17T00:00:00Z,1696.071223
2023-02-18T00:00:00Z,1690.700175
2023-02-19T00:00:00Z,1681.758572
2023-02-20T00:00:00Z,1701.877043
2023-02-21T00:00:00Z,1656.828429
2023-02-22T00:00:00Z,1643.241646
2023-02-23T00:00:00Z,1651.026808
2023-02-24T00:00:00Z,1608.825942
2023-02-25T00:00:00Z,1594.292253
2023-02-26T00:00:00Z,1639.417918
2023-02-27T00:00:00Z,1633.450078
2023-02-28T00:00:00Z,1606.638136
2023-03-01T00:00:00Z,1663.227731
2023-03-02T00:00:00Z,1647.62725
2023-03-03T00:00:00Z,1569.221962
2023-03-04T00:00:00Z,1566.608643
2023-03-05T00:00:00Z,1564.907411
2023-03-06T00:00:00Z,1567.384342
2023-03-07T00:00:00Z,1562.30603
2023-03-08T00:00:00Z,1535.265456
2023-03-09T00:00:00Z,1439.289459
2023-03-10T00:00:00Z,1428.841334
2023-03-11T00:00:00Z,1484.136997
2023-03-12T00:00:00Z,1586.645871
2023-03-13T00:00:00Z,1678.455313
2023-03-14T00:00:00Z,1706.289479
2023-03-15T00:00:00Z,1654.39727
2023-03-16T00:00:00Z,1677.181997
2023-03-17T00:00:00Z,1789.906601
2023-03-18T00:00:00Z,1759.273845
2023-03-19T00:00:00Z,1797.969921
2023-03-20T00:00:00Z,1730.781951
2023-03-21T00:00:00Z,1805.905325
2023-03-22T00:00:00Z,1737.821856
2023-03-23T00:00:00Z,1816.861571
2023-03-24T00:00:00Z,1749.891257
2023-03-25T00:00:00Z,1743.092853
2023-03-26T00:00:00Z,1775.723995
2023-03-27T00:00:00Z,1716.335835
2023-03-28T00:00:00Z,1773.774367
2023-03-29T00:00:00Z,1792.663987
2023-03-30T00:00:00Z,1791.977346
2023-03-31T00:00:00Z,1822.080825
2023-04-01T00:00:00Z,1821.556258
2023-04-02T00:00:00Z,1794.909231
2023-04-03T00:00:00Z,1808.973048
2023-04-04T00:00:00Z,1871.376491
2023-04-05T00:00:00Z,1909.565668
2023-04-06T00:00:00Z,1872.203591
2023-04-07T00:00:00Z,1865.895993
2023-04-08T00:00:00Z,1849.409727
2023-04-09T00:00:00Z,1859.140296
2023-04-10T00:00:00Z,1908.096071
2023-04-11T00:00:00Z,1892.52866
2023-04-12T00:00:00Z,1918.007216
2023-04-13T00:00:00Z,2011.610899
2023-04-14T00:00:00Z,2101.160842
2023-04-15T00:00:00Z,2092.532233
2023-04-16T00:00:00Z,2118.418248
2023-04-17T00:00:00Z,2076.391068
2023-04-18T00:00:00Z,2104.002857
2023-04-19T00:00:00Z,1934.66157
2023-04-20T00:00:00Z,1944.41874
2023-04-21T00:00:00Z,1849.557714
2023-04-22T00:00:00Z,1874.534543
2023-04-23T00:00:00Z,1862.779183
2023-04-24T00:00:00Z,1842.88268
2023-04-25T00:00:00Z,1868.337764
2023-04-26T00:00:00Z,1866.207079
2023-04-27T00:00:00Z,1909.578131
2023-04-28T00:00:00Z,1894.03512
2023-04-29T00:00:00Z,1906.296352
2023-04-30T00:00:00Z,1881.784656
2023-05-01T00:00:00Z,1830.817685
2023-05-02T00:00:00Z,1870.221856
2023-05-03T00:00:00Z,1904.049041
2023-05-04T00:00:00Z,1877.246948
2023-05-05T00:00:00Z,1994.223533
2023-05-06T00:00:00Z,1901.50477
2023-05-07T00:00:00Z,1875.335349
2023-05-08T00:00:00Z,1850.177314
2023-05-09T00:00:00Z,1848.718253
2023-05-10T00:00:00Z,1841.314162
2023-05-11T00:00:00Z,1797.066594
2023-05-12T00:00:00Z,1808.533341
2023-05-13T00:00:00Z,1797.072582
2023-05-14T00:00:00Z,1799.934222
2023-05-15T00:00:00Z,1817.546897
2023-05-16T00:00:00Z,1823.6561
2023-05-17T00:00:00Z,1821.538934
2023-05-18T00:00:00Z,1801.559126
2023-05-19T00:00:00Z,1811.729647
2023-05-20T00:00:00Z,1820.084617
2023-05-21T00:00:00Z,1804.580768
